{
  "accuracy": 0.7352941176470589,
  "macro_f1": 0.6095238095238095,
  "cohen_kappa": 0.6644736842105263,
  "weighted_kappa": 0.7881619937694704,
  "precision_c0": 1.0,
  "recall_c0": 0.6666666666666666,
  "f1_c0": 0.8,
  "support_c0": 6,
  "precision_c1": 0.9090909090909091,
  "recall_c1": 1.0,
  "f1_c1": 0.9523809523809523,
  "support_c1": 10,
  "precision_c2": 0.6666666666666666,
  "recall_c2": 0.6666666666666666,
  "f1_c2": 0.6666666666666666,
  "support_c2": 3,
  "precision_c3": 0.7142857142857143,
  "recall_c3": 0.625,
  "f1_c3": 0.6666666666666666,
  "support_c3": 8,
  "precision_c4": 0.4444444444444444,
  "recall_c4": 0.8,
  "f1_c4": 0.5714285714285714,
  "support_c4": 5,
  "precision_c5": 0.0,
  "recall_c5": 0.0,
  "f1_c5": 0.0,
  "support_c5": 2,
  "confusion_matrix": [
    [
      4,
      0,
      1,
      1,
      0,
      0
    ],
    [
      0,
      10,
      0,
      0,
      0,
      0
    ],
    [
      0,
      1,
      2,
      0,
      0,
      0
    ],
    [
      0,
      0,
      0,
      5,
      3,
      0
    ],
    [
      0,
      0,
      0,
      1,
      4,
      0
    ],
    [
      0,
      0,
      0,
      0,
      2,
      0
    ]
  ],
  "loss": 1.3982565288185416
}