{
  "0": {
    "precision": 1.0,
    "recall": 0.6666666666666666,
    "f1": 0.8,
    "support": 6
  },
  "1": {
    "precision": 0.9090909090909091,
    "recall": 1.0,
    "f1": 0.9523809523809523,
    "support": 10
  },
  "1+": {
    "precision": 0.6666666666666666,
    "recall": 0.6666666666666666,
    "f1": 0.6666666666666666,
    "support": 3
  },
  "2": {
    "precision": 0.7142857142857143,
    "recall": 0.625,
    "f1": 0.6666666666666666,
    "support": 8
  },
  "3": {
    "precision": 0.4444444444444444,
    "recall": 0.8,
    "f1": 0.5714285714285714,
    "support": 5
  },
  "4": {
    "precision": 0.0,
    "recall": 0.0,
    "f1": 0.0,
    "support": 2
  }
}