{
  "2": {
    "precision": 0.375,
    "recall": 0.8571428571428571,
    "f1": 0.5217391304347826,
    "support": 7
  },
  "3": {
    "precision": 0.0,
    "recall": 0.0,
    "f1": 0.0,
    "support": 9
  },
  "4": {
    "precision": 0.0,
    "recall": 0.0,
    "f1": 0.0,
    "support": 5
  },
  "5": {
    "precision": 0.3125,
    "recall": 0.8333333333333334,
    "f1": 0.45454545454545453,
    "support": 6
  },
  "6": {
    "precision": 0.0,
    "recall": 0.0,
    "f1": 0.0,
    "support": 6
  }
}