{
  "mae": 22.091361374943464,
  "rmse": 24.98441294331291,
  "r2": -0.0012527865228875168,
  "pearson_r": NaN,
  "spearman_r": NaN,
  "nmae": 0.22091361374943463,
  "ba_mean_diff": -0.8837630031659895,
  "ba_loa_upper": 48.055041023675486,
  "ba_loa_lower": -49.82256703000746,
  "rounded_acc_5": 0.09090909090909091,
  "tolerance_acc_10": 0.24242424242424243
}