{
  "mae": 3.7353532711664834,
  "rmse": 4.820226913783874,
  "r2": 0.4749218521644595,
  "pearson_r": 0.7029360699560782,
  "spearman_r": 0.6802704137039259,
  "nmae": 0.18676766355832417,
  "ba_mean_diff": -0.8575391733285153,
  "ba_loa_upper": 8.43939477062035,
  "ba_loa_lower": -10.15447311727738,
  "rounded_acc_1": 0.2727272727272727,
  "tolerance_acc_1p5": 0.2727272727272727,
  "loss": 3.535141026522174
}