{
  "mae": 1.9233595241199841,
  "rmse": 3.297143492797411,
  "r2": 0.7148403500825493,
  "pearson_r": 0.8478286493952124,
  "spearman_r": 0.8609813579564358,
  "nmae": 0.0961679762059992,
  "ba_mean_diff": 0.3043568351052024,
  "ba_loa_upper": 6.739166126051383,
  "ba_loa_lower": -6.130452455840978,
  "rounded_acc_1": 0.6363636363636364,
  "tolerance_acc_1p5": 0.6363636363636364
}