{
  "accuracy": 0.6764705882352942,
  "macro_f1": 0.5544844044844045,
  "cohen_kappa": 0.5925925925925926,
  "weighted_kappa": 0.7702702702702703,
  "precision_c0": 0.8,
  "recall_c0": 0.6666666666666666,
  "f1_c0": 0.7272727272727273,
  "support_c0": 6,
  "precision_c1": 0.9,
  "recall_c1": 0.9,
  "f1_c1": 0.9,
  "support_c1": 10,
  "precision_c2": 0.5,
  "recall_c2": 0.6666666666666666,
  "f1_c2": 0.5714285714285714,
  "support_c2": 3,
  "precision_c3": 0.7142857142857143,
  "recall_c3": 0.625,
  "f1_c3": 0.6666666666666666,
  "support_c3": 8,
  "precision_c4": 0.375,
  "recall_c4": 0.6,
  "f1_c4": 0.46153846153846156,
  "support_c4": 5,
  "precision_c5": 0.0,
  "recall_c5": 0.0,
  "f1_c5": 0.0,
  "support_c5": 2,
  "confusion_matrix": [
    [
      4,
      0,
      2,
      0,
      0,
      0
    ],
    [
      1,
      9,
      0,
      0,
      0,
      0
    ],
    [
      0,
      1,
      2,
      0,
      0,
      0
    ],
    [
      0,
      0,
      0,
      5,
      3,
      0
    ],
    [
      0,
      0,
      0,
      2,
      3,
      0
    ],
    [
      0,
      0,
      0,
      0,
      2,
      0
    ]
  ],
  "loss": 0.8845807393245837
}