{
  "0": {
    "precision": 0.8,
    "recall": 0.6666666666666666,
    "f1": 0.7272727272727273,
    "support": 6
  },
  "1": {
    "precision": 0.9,
    "recall": 0.9,
    "f1": 0.9,
    "support": 10
  },
  "1+": {
    "precision": 0.5,
    "recall": 0.6666666666666666,
    "f1": 0.5714285714285714,
    "support": 3
  },
  "2": {
    "precision": 0.7142857142857143,
    "recall": 0.625,
    "f1": 0.6666666666666666,
    "support": 8
  },
  "3": {
    "precision": 0.375,
    "recall": 0.6,
    "f1": 0.46153846153846156,
    "support": 5
  },
  "4": {
    "precision": 0.0,
    "recall": 0.0,
    "f1": 0.0,
    "support": 2
  }
}