{
  "accuracy": 0.6363636363636364,
  "macro_f1": 0.49984438219732336,
  "cohen_kappa": 0.5432525951557092,
  "weighted_kappa": 0.7453142227122381,
  "precision_c0": 0.75,
  "recall_c0": 1.0,
  "f1_c0": 0.8571428571428571,
  "support_c0": 6,
  "precision_c1": 0.6666666666666666,
  "recall_c1": 0.75,
  "f1_c1": 0.7058823529411765,
  "support_c1": 8,
  "precision_c2": 0.5,
  "recall_c2": 0.2,
  "f1_c2": 0.2857142857142857,
  "support_c2": 5,
  "precision_c3": 0.6666666666666666,
  "recall_c3": 0.75,
  "f1_c3": 0.7058823529411765,
  "support_c3": 8,
  "precision_c4": 0.4,
  "recall_c4": 0.5,
  "f1_c4": 0.4444444444444444,
  "support_c4": 4,
  "precision_c5": 0.0,
  "recall_c5": 0.0,
  "f1_c5": 0.0,
  "support_c5": 2,
  "confusion_matrix": [
    [
      6,
      0,
      0,
      0,
      0,
      0
    ],
    [
      1,
      6,
      1,
      0,
      0,
      0
    ],
    [
      1,
      2,
      1,
      1,
      0,
      0
    ],
    [
      0,
      1,
      0,
      6,
      1,
      0
    ],
    [
      0,
      0,
      0,
      2,
      2,
      0
    ],
    [
      0,
      0,
      0,
      0,
      2,
      0
    ]
  ]
}