{
  "0": {
    "precision": 0.75,
    "recall": 1.0,
    "f1": 0.8571428571428571,
    "support": 6
  },
  "1": {
    "precision": 0.6666666666666666,
    "recall": 0.75,
    "f1": 0.7058823529411765,
    "support": 8
  },
  "1+": {
    "precision": 0.5,
    "recall": 0.2,
    "f1": 0.2857142857142857,
    "support": 5
  },
  "2": {
    "precision": 0.6666666666666666,
    "recall": 0.75,
    "f1": 0.7058823529411765,
    "support": 8
  },
  "3": {
    "precision": 0.4,
    "recall": 0.5,
    "f1": 0.4444444444444444,
    "support": 4
  },
  "4": {
    "precision": 0.0,
    "recall": 0.0,
    "f1": 0.0,
    "support": 2
  }
}