{
  "mae": 11.455064573708702,
  "rmse": 18.474225552489766,
  "r2": 0.5568830778926458,
  "pearson_r": 0.8288811576293649,
  "spearman_r": 0.8263195944793723,
  "nmae": 0.11455064573708702,
  "ba_mean_diff": -8.811375916004181,
  "ba_loa_upper": 23.01413965421555,
  "ba_loa_lower": -40.63689148622392,
  "rounded_acc_5": 0.4411764705882353,
  "tolerance_acc_10": 0.5882352941176471,
  "loss": 10.941560066096923
}