{
  "accuracy": 0.696969696969697,
  "macro_f1": 0.6967032967032967,
  "cohen_kappa": 0.6224256292906178,
  "weighted_kappa": 0.7521663778162911,
  "precision_c0": 0.8333333333333334,
  "recall_c0": 0.7142857142857143,
  "f1_c0": 0.7692307692307693,
  "support_c0": 7,
  "precision_c1": 0.8333333333333334,
  "recall_c1": 0.5555555555555556,
  "f1_c1": 0.6666666666666666,
  "support_c1": 9,
  "precision_c2": 0.5714285714285714,
  "recall_c2": 0.8,
  "f1_c2": 0.6666666666666666,
  "support_c2": 5,
  "precision_c3": 0.625,
  "recall_c3": 0.8333333333333334,
  "f1_c3": 0.7142857142857143,
  "support_c3": 6,
  "precision_c4": 0.6666666666666666,
  "recall_c4": 0.6666666666666666,
  "f1_c4": 0.6666666666666666,
  "support_c4": 6,
  "confusion_matrix": [
    [
      5,
      1,
      1,
      0,
      0
    ],
    [
      1,
      5,
      2,
      0,
      1
    ],
    [
      0,
      0,
      4,
      1,
      0
    ],
    [
      0,
      0,
      0,
      5,
      1
    ],
    [
      0,
      0,
      0,
      2,
      4
    ]
  ]
}