{
  "2": {
    "precision": 0.8333333333333334,
    "recall": 0.7142857142857143,
    "f1": 0.7692307692307693,
    "support": 7
  },
  "3": {
    "precision": 0.8333333333333334,
    "recall": 0.5555555555555556,
    "f1": 0.6666666666666666,
    "support": 9
  },
  "4": {
    "precision": 0.5714285714285714,
    "recall": 0.8,
    "f1": 0.6666666666666666,
    "support": 5
  },
  "5": {
    "precision": 0.625,
    "recall": 0.8333333333333334,
    "f1": 0.7142857142857143,
    "support": 6
  },
  "6": {
    "precision": 0.6666666666666666,
    "recall": 0.6666666666666666,
    "f1": 0.6666666666666666,
    "support": 6
  }
}