{
  "accuracy": 0.6470588235294118,
  "macro_f1": 0.5130471380471381,
  "cohen_kappa": 0.5570032573289903,
  "weighted_kappa": 0.7112526539278132,
  "precision_c0": 0.8,
  "recall_c0": 0.6666666666666666,
  "f1_c0": 0.7272727272727273,
  "support_c0": 6,
  "precision_c1": 0.875,
  "recall_c1": 0.7,
  "f1_c1": 0.7777777777777778,
  "support_c1": 10,
  "precision_c2": 0.2,
  "recall_c2": 0.3333333333333333,
  "f1_c2": 0.25,
  "support_c2": 3,
  "precision_c3": 0.7,
  "recall_c3": 0.875,
  "f1_c3": 0.7777777777777778,
  "support_c3": 8,
  "precision_c4": 0.5,
  "recall_c4": 0.6,
  "f1_c4": 0.5454545454545454,
  "support_c4": 5,
  "precision_c5": 0.0,
  "recall_c5": 0.0,
  "f1_c5": 0.0,
  "support_c5": 2,
  "confusion_matrix": [
    [
      4,
      0,
      1,
      1,
      0,
      0
    ],
    [
      0,
      7,
      3,
      0,
      0,
      0
    ],
    [
      1,
      1,
      1,
      0,
      0,
      0
    ],
    [
      0,
      0,
      0,
      7,
      1,
      0
    ],
    [
      0,
      0,
      0,
      2,
      3,
      0
    ],
    [
      0,
      0,
      0,
      0,
      2,
      0
    ]
  ],
  "loss": 0.978344971007284
}