{
  "0": {
    "precision": 0.8,
    "recall": 0.6666666666666666,
    "f1": 0.7272727272727273,
    "support": 6
  },
  "1": {
    "precision": 0.875,
    "recall": 0.7,
    "f1": 0.7777777777777778,
    "support": 10
  },
  "1+": {
    "precision": 0.2,
    "recall": 0.3333333333333333,
    "f1": 0.25,
    "support": 3
  },
  "2": {
    "precision": 0.7,
    "recall": 0.875,
    "f1": 0.7777777777777778,
    "support": 8
  },
  "3": {
    "precision": 0.5,
    "recall": 0.6,
    "f1": 0.5454545454545454,
    "support": 5
  },
  "4": {
    "precision": 0.0,
    "recall": 0.0,
    "f1": 0.0,
    "support": 2
  }
}