{
  "accuracy": 0.48484848484848486,
  "macro_f1": 0.4632543926661574,
  "cohen_kappa": 0.3617747440273038,
  "weighted_kappa": 0.6362204724409448,
  "precision_c0": 0.6666666666666666,
  "recall_c0": 0.75,
  "f1_c0": 0.7058823529411765,
  "support_c0": 8,
  "precision_c1": 0.42857142857142855,
  "recall_c1": 0.42857142857142855,
  "f1_c1": 0.42857142857142855,
  "support_c1": 7,
  "precision_c2": 0.5,
  "recall_c2": 0.5,
  "f1_c2": 0.5,
  "support_c2": 4,
  "precision_c3": 0.5,
  "recall_c3": 0.1111111111111111,
  "f1_c3": 0.18181818181818182,
  "support_c3": 9,
  "precision_c4": 0.36363636363636365,
  "recall_c4": 0.8,
  "f1_c4": 0.5,
  "support_c4": 5,
  "confusion_matrix": [
    [
      6,
      2,
      0,
      0,
      0
    ],
    [
      3,
      3,
      0,
      0,
      1
    ],
    [
      0,
      1,
      2,
      1,
      0
    ],
    [
      0,
      0,
      2,
      1,
      6
    ],
    [
      0,
      1,
      0,
      0,
      4
    ]
  ]
}