{
  "mae": 10.05990810105295,
  "rmse": 13.329089218775072,
  "r2": 0.7150252449768462,
  "pearson_r": 0.8458242293238044,
  "spearman_r": 0.8196212544877135,
  "nmae": 0.10059908101052949,
  "ba_mean_diff": 0.23066192684751569,
  "ba_loa_upper": 26.351764695624883,
  "ba_loa_lower": -25.89044084192985,
  "rounded_acc_5": 0.3939393939393939,
  "tolerance_acc_10": 0.6060606060606061,
  "loss": 9.82982694398273
}