{
  "mae": 3.0606218468059194,
  "rmse": 4.300427596253847,
  "r2": 0.5148951052830963,
  "pearson_r": 0.7223197601485518,
  "spearman_r": 0.719707194027402,
  "nmae": 0.15303109234029597,
  "ba_mean_diff": 0.5032950242360433,
  "ba_loa_upper": 8.874209648740232,
  "ba_loa_lower": -7.867619600268145,
  "rounded_acc_1": 0.36363636363636365,
  "tolerance_acc_1p5": 0.36363636363636365,
  "loss": 3.153748038253098
}