{
  "mae": 2.236633719819965,
  "rmse": 3.1928708014942675,
  "r2": 0.7696163425119795,
  "pearson_r": 0.8933650145076677,
  "spearman_r": 0.8150163338261553,
  "nmae": 0.11183168599099824,
  "ba_mean_diff": 0.33903782295458246,
  "ba_loa_upper": 6.561683565138234,
  "ba_loa_lower": -5.88360791922907,
  "rounded_acc_1": 0.42424242424242425,
  "tolerance_acc_1p5": 0.42424242424242425,
  "loss": 1.8073586776448094
}