{
  "accuracy": 0.5882352941176471,
  "macro_f1": 0.4648888888888889,
  "cohen_kappa": 0.46456692913385833,
  "weighted_kappa": 0.6844978165938865,
  "precision_c0": 0.7857142857142857,
  "recall_c0": 1.0,
  "f1_c0": 0.88,
  "support_c0": 11,
  "precision_c1": 0.6666666666666666,
  "recall_c1": 0.3333333333333333,
  "f1_c1": 0.4444444444444444,
  "support_c1": 6,
  "precision_c2": 0.42857142857142855,
  "recall_c2": 0.6,
  "f1_c2": 0.5,
  "support_c2": 5,
  "precision_c3": 0.4,
  "recall_c3": 0.6666666666666666,
  "f1_c3": 0.5,
  "support_c3": 6,
  "precision_c4": 0.0,
  "recall_c4": 0.0,
  "f1_c4": 0.0,
  "support_c4": 6,
  "confusion_matrix": [
    [
      11,
      0,
      0,
      0,
      0
    ],
    [
      3,
      2,
      1,
      0,
      0
    ],
    [
      0,
      0,
      3,
      2,
      0
    ],
    [
      0,
      0,
      2,
      4,
      0
    ],
    [
      0,
      1,
      1,
      4,
      0
    ]
  ],
  "loss": 1.2515418415719086
}