{
  "2": {
    "precision": 0.7857142857142857,
    "recall": 1.0,
    "f1": 0.88,
    "support": 11
  },
  "3": {
    "precision": 0.6666666666666666,
    "recall": 0.3333333333333333,
    "f1": 0.4444444444444444,
    "support": 6
  },
  "4": {
    "precision": 0.42857142857142855,
    "recall": 0.6,
    "f1": 0.5,
    "support": 5
  },
  "5": {
    "precision": 0.4,
    "recall": 0.6666666666666666,
    "f1": 0.5,
    "support": 6
  },
  "6": {
    "precision": 0.0,
    "recall": 0.0,
    "f1": 0.0,
    "support": 6
  }
}