{
  "accuracy": 0.3939393939393939,
  "macro_f1": 0.2686868686868687,
  "cohen_kappa": 0.24743443557582667,
  "weighted_kappa": 0.5934654525977504,
  "precision_c0": 0.5,
  "recall_c0": 1.0,
  "f1_c0": 0.6666666666666666,
  "support_c0": 7,
  "precision_c1": 0.0,
  "recall_c1": 0.0,
  "f1_c1": 0.0,
  "support_c1": 9,
  "precision_c2": 0.0,
  "recall_c2": 0.0,
  "f1_c2": 0.0,
  "support_c2": 5,
  "precision_c3": 0.3125,
  "recall_c3": 0.8333333333333334,
  "f1_c3": 0.45454545454545453,
  "support_c3": 6,
  "precision_c4": 0.3333333333333333,
  "recall_c4": 0.16666666666666666,
  "f1_c4": 0.2222222222222222,
  "support_c4": 6,
  "confusion_matrix": [
    [
      7,
      0,
      0,
      0,
      0
    ],
    [
      7,
      0,
      0,
      1,
      1
    ],
    [
      0,
      0,
      0,
      5,
      0
    ],
    [
      0,
      0,
      0,
      5,
      1
    ],
    [
      0,
      0,
      0,
      5,
      1
    ]
  ],
  "loss": 1.0631865931279731
}