{
  "accuracy": 0.15151515151515152,
  "macro_f1": 0.11478260869565218,
  "cohen_kappa": -0.07068366164542295,
  "weighted_kappa": 0.23718592964824137,
  "precision_c0": 0.13333333333333333,
  "recall_c0": 0.25,
  "f1_c0": 0.17391304347826086,
  "support_c0": 8,
  "precision_c1": 0.0,
  "recall_c1": 0.0,
  "f1_c1": 0.0,
  "support_c1": 7,
  "precision_c2": 0.0,
  "recall_c2": 0.0,
  "f1_c2": 0.0,
  "support_c2": 4,
  "precision_c3": 0.0,
  "recall_c3": 0.0,
  "f1_c3": 0.0,
  "support_c3": 9,
  "precision_c4": 0.3,
  "recall_c4": 0.6,
  "f1_c4": 0.4,
  "support_c4": 5,
  "confusion_matrix": [
    [
      2,
      6,
      0,
      0,
      0
    ],
    [
      6,
      0,
      0,
      0,
      1
    ],
    [
      2,
      1,
      0,
      0,
      1
    ],
    [
      3,
      1,
      0,
      0,
      5
    ],
    [
      2,
      0,
      0,
      0,
      3
    ]
  ],
  "loss": 1.461193968671741
}