{
  "mae": 7.839120633674391,
  "rmse": 10.592784934896583,
  "r2": 0.820019377774275,
  "pearson_r": 0.9310025794756138,
  "spearman_r": 0.9340152627781922,
  "nmae": 0.0783912063367439,
  "ba_mean_diff": 1.1605211893717449,
  "ba_loa_upper": 21.79740235193601,
  "ba_loa_lower": -19.47635997319252,
  "rounded_acc_5": 0.5151515151515151,
  "tolerance_acc_10": 0.6666666666666666,
  "loss": 7.534269361830119
}