{
  "mae": 6.1060606060606055,
  "rmse": 6.714547108523107,
  "r2": -0.0022003146046052358,
  "pearson_r": NaN,
  "spearman_r": NaN,
  "nmae": 0.3053030303030303,
  "ba_mean_diff": 0.3146167557932267,
  "ba_loa_upper": 13.460674304189396,
  "ba_loa_lower": -12.831440792602944,
  "rounded_acc_1": 0.058823529411764705,
  "tolerance_acc_1p5": 0.058823529411764705
}