{
  "mae": 2.9458835558457808,
  "rmse": 4.073599403947673,
  "r2": 0.6249876114160193,
  "pearson_r": 0.847772524347144,
  "spearman_r": 0.7483270861158737,
  "nmae": 0.14729417779228904,
  "ba_mean_diff": -1.673649751778805,
  "ba_loa_upper": 5.60560886738563,
  "ba_loa_lower": -8.95290837094324,
  "rounded_acc_1": 0.24242424242424243,
  "tolerance_acc_1p5": 0.24242424242424243,
  "loss": 2.4518963459766274
}