{
  "accuracy": 0.48484848484848486,
  "macro_f1": 0.25277777777777777,
  "cohen_kappa": 0.3191747572815534,
  "weighted_kappa": 0.5730918499353169,
  "precision_c0": 0.5,
  "recall_c0": 0.16666666666666666,
  "f1_c0": 0.25,
  "support_c0": 6,
  "precision_c1": 0.5,
  "recall_c1": 1.0,
  "f1_c1": 0.6666666666666666,
  "support_c1": 9,
  "precision_c2": 0.0,
  "recall_c2": 0.0,
  "f1_c2": 0.0,
  "support_c2": 5,
  "precision_c3": 0.46153846153846156,
  "recall_c3": 0.8571428571428571,
  "f1_c3": 0.6,
  "support_c3": 7,
  "precision_c4": 0.0,
  "recall_c4": 0.0,
  "f1_c4": 0.0,
  "support_c4": 5,
  "precision_c5": 0.0,
  "recall_c5": 0.0,
  "f1_c5": 0.0,
  "support_c5": 1,
  "confusion_matrix": [
    [
      1,
      5,
      0,
      0,
      0,
      0
    ],
    [
      0,
      9,
      0,
      0,
      0,
      0
    ],
    [
      1,
      3,
      0,
      1,
      0,
      0
    ],
    [
      0,
      1,
      0,
      6,
      0,
      0
    ],
    [
      0,
      0,
      0,
      5,
      0,
      0
    ],
    [
      0,
      0,
      0,
      1,
      0,
      0
    ]
  ],
  "loss": 1.0673939014926102
}