{
  "0": {
    "precision": 0.5,
    "recall": 0.16666666666666666,
    "f1": 0.25,
    "support": 6
  },
  "1": {
    "precision": 0.5,
    "recall": 1.0,
    "f1": 0.6666666666666666,
    "support": 9
  },
  "1+": {
    "precision": 0.0,
    "recall": 0.0,
    "f1": 0.0,
    "support": 5
  },
  "2": {
    "precision": 0.46153846153846156,
    "recall": 0.8571428571428571,
    "f1": 0.6,
    "support": 7
  },
  "3": {
    "precision": 0.0,
    "recall": 0.0,
    "f1": 0.0,
    "support": 5
  },
  "4": {
    "precision": 0.0,
    "recall": 0.0,
    "f1": 0.0,
    "support": 1
  }
}