{
  "mae": 6.244532795513377,
  "rmse": 8.347120854478057,
  "r2": 0.9095394434663816,
  "pearson_r": 0.954862852342421,
  "spearman_r": 0.9133571590474208,
  "nmae": 0.06244532795513377,
  "ba_mean_diff": -1.0521925512482138,
  "ba_loa_upper": 15.177662854829018,
  "ba_loa_lower": -17.282047957325446,
  "rounded_acc_5": 0.5588235294117647,
  "tolerance_acc_10": 0.7941176470588235
}