{
  "mae": 17.082945317933053,
  "rmse": 22.326470477285184,
  "r2": 0.20045008108882034,
  "pearson_r": 0.5308713149116796,
  "spearman_r": 0.568511801519664,
  "nmae": 0.17082945317933051,
  "ba_mean_diff": 1.640200744975697,
  "ba_loa_upper": 45.281836684976525,
  "ba_loa_lower": -42.00143519502514,
  "rounded_acc_5": 0.18181818181818182,
  "tolerance_acc_10": 0.42424242424242425,
  "loss": 17.257611271016525
}