{
  "mae": 8.656397539026598,
  "rmse": 12.473478116546262,
  "r2": 0.7979955246728101,
  "pearson_r": 0.895799424331485,
  "spearman_r": 0.8248475564019506,
  "nmae": 0.08656397539026597,
  "ba_mean_diff": -1.807403003468233,
  "ba_loa_upper": 22.38259832427169,
  "ba_loa_lower": -25.99740433120816,
  "rounded_acc_5": 0.35294117647058826,
  "tolerance_acc_10": 0.5588235294117647
}