{
  "accuracy": 0.8181818181818182,
  "macro_f1": 0.7863847653321338,
  "cohen_kappa": 0.775,
  "weighted_kappa": 0.8952380952380953,
  "precision_c0": 1.0,
  "recall_c0": 1.0,
  "f1_c0": 1.0,
  "support_c0": 6,
  "precision_c1": 0.9,
  "recall_c1": 1.0,
  "f1_c1": 0.9473684210526315,
  "support_c1": 9,
  "precision_c2": 1.0,
  "recall_c2": 0.8,
  "f1_c2": 0.8888888888888888,
  "support_c2": 5,
  "precision_c3": 1.0,
  "recall_c3": 0.42857142857142855,
  "f1_c3": 0.6,
  "support_c3": 7,
  "precision_c4": 0.5,
  "recall_c4": 0.8,
  "f1_c4": 0.6153846153846154,
  "support_c4": 5,
  "precision_c5": 0.5,
  "recall_c5": 1.0,
  "f1_c5": 0.6666666666666666,
  "support_c5": 1,
  "confusion_matrix": [
    [
      6,
      0,
      0,
      0,
      0,
      0
    ],
    [
      0,
      9,
      0,
      0,
      0,
      0
    ],
    [
      0,
      1,
      4,
      0,
      0,
      0
    ],
    [
      0,
      0,
      0,
      3,
      4,
      0
    ],
    [
      0,
      0,
      0,
      0,
      4,
      1
    ],
    [
      0,
      0,
      0,
      0,
      0,
      1
    ]
  ],
  "loss": 0.4567087998366397
}