{
  "accuracy": 0.7878787878787878,
  "macro_f1": 0.7726139601139601,
  "cohen_kappa": 0.7401574803149606,
  "weighted_kappa": 0.8607594936708861,
  "precision_c0": 0.7142857142857143,
  "recall_c0": 0.8333333333333334,
  "f1_c0": 0.7692307692307693,
  "support_c0": 6,
  "precision_c1": 0.875,
  "recall_c1": 0.875,
  "f1_c1": 0.875,
  "support_c1": 8,
  "precision_c2": 1.0,
  "recall_c2": 0.8,
  "f1_c2": 0.8888888888888888,
  "support_c2": 5,
  "precision_c3": 1.0,
  "recall_c3": 0.625,
  "f1_c3": 0.7692307692307693,
  "support_c3": 8,
  "precision_c4": 0.5,
  "recall_c4": 1.0,
  "f1_c4": 0.6666666666666666,
  "support_c4": 4,
  "precision_c5": 1.0,
  "recall_c5": 0.5,
  "f1_c5": 0.6666666666666666,
  "support_c5": 2,
  "confusion_matrix": [
    [
      5,
      1,
      0,
      0,
      0,
      0
    ],
    [
      1,
      7,
      0,
      0,
      0,
      0
    ],
    [
      1,
      0,
      4,
      0,
      0,
      0
    ],
    [
      0,
      0,
      0,
      5,
      3,
      0
    ],
    [
      0,
      0,
      0,
      0,
      4,
      0
    ],
    [
      0,
      0,
      0,
      0,
      1,
      1
    ]
  ],
  "loss": 0.30664387885669264
}