{
  "mae": 6.55039018573183,
  "rmse": 8.794870363988478,
  "r2": -0.7480258985512183,
  "pearson_r": 0.7069064285417284,
  "spearman_r": 0.7427975756273328,
  "nmae": 0.3275195092865915,
  "ba_mean_diff": 6.084491614139441,
  "ba_loa_upper": 18.53144943342415,
  "ba_loa_lower": -6.362466205145266,
  "rounded_acc_1": 0.3333333333333333,
  "tolerance_acc_1p5": 0.3333333333333333,
  "loss": 6.087281809009687
}