{
  "mae": 5.641109059838688,
  "rmse": 7.931209282662922,
  "r2": 0.9183296020068885,
  "pearson_r": 0.9615592695359475,
  "spearman_r": 0.9435790929245056,
  "nmae": 0.05641109059838688,
  "ba_mean_diff": 1.78909353648915,
  "ba_loa_upper": 16.93359449135311,
  "ba_loa_lower": -13.35540741837481,
  "rounded_acc_5": 0.6764705882352942,
  "tolerance_acc_10": 0.7941176470588235,
  "loss": 5.3960154416733515
}