{
  "mae": 9.576239282434637,
  "rmse": 12.193773896943698,
  "r2": 0.8043109188385211,
  "pearson_r": 0.9341108698402573,
  "spearman_r": 0.9329117059935246,
  "nmae": 0.09576239282434637,
  "ba_mean_diff": -7.13614677660393,
  "ba_loa_upper": 12.243439927313343,
  "ba_loa_lower": -26.515733480521202,
  "rounded_acc_5": 0.42424242424242425,
  "tolerance_acc_10": 0.6060606060606061,
  "loss": 9.260771498415206
}