{
  "mae": 7.747104770996991,
  "rmse": 12.543165463915273,
  "r2": 0.7957320855051071,
  "pearson_r": 0.9000785134745326,
  "spearman_r": 0.8901778429102508,
  "nmae": 0.0774710477099699,
  "ba_mean_diff": -0.6319565913256477,
  "ba_loa_upper": 23.92142510205844,
  "ba_loa_lower": -25.185338284709733,
  "rounded_acc_5": 0.5882352941176471,
  "tolerance_acc_10": 0.7941176470588235,
  "loss": 7.335378140561721
}