{
  "mae": 5.69217654430505,
  "rmse": 7.322015932097316,
  "r2": -0.406286201716612,
  "pearson_r": 0.9540711304152814,
  "spearman_r": 0.9438260776351425,
  "nmae": 0.2846088272152525,
  "ba_mean_diff": 5.215225234176174,
  "ba_loa_upper": 15.288432207381424,
  "ba_loa_lower": -4.857981739029077,
  "rounded_acc_1": 0.2727272727272727,
  "tolerance_acc_1p5": 0.2727272727272727,
  "loss": 5.185943422210638
}