{
  "mae": 7.804567163640803,
  "rmse": 8.960067768871065,
  "r2": 0.8712260468646246,
  "pearson_r": 0.9373265736548413,
  "spearman_r": 0.9167169096353591,
  "nmae": 0.07804567163640802,
  "ba_mean_diff": 0.2421323602849787,
  "ba_loa_upper": 17.797451618411557,
  "ba_loa_lower": -17.313186897841597,
  "rounded_acc_5": 0.2727272727272727,
  "tolerance_acc_10": 0.7272727272727273
}