{
  "accuracy": 0.30303030303030304,
  "macro_f1": 0.19871794871794873,
  "cohen_kappa": 0.08443908323281057,
  "weighted_kappa": 0.07658321060382922,
  "precision_c0": 0.25806451612903225,
  "recall_c0": 1.0,
  "f1_c0": 0.41025641025641024,
  "support_c0": 8,
  "precision_c1": 1.0,
  "recall_c1": 0.14285714285714285,
  "f1_c1": 0.25,
  "support_c1": 7,
  "precision_c2": 0.0,
  "recall_c2": 0.0,
  "f1_c2": 0.0,
  "support_c2": 4,
  "precision_c3": 0.0,
  "recall_c3": 0.0,
  "f1_c3": 0.0,
  "support_c3": 9,
  "precision_c4": 1.0,
  "recall_c4": 0.2,
  "f1_c4": 0.3333333333333333,
  "support_c4": 5,
  "confusion_matrix": [
    [
      8,
      0,
      0,
      0,
      0
    ],
    [
      6,
      1,
      0,
      0,
      0
    ],
    [
      4,
      0,
      0,
      0,
      0
    ],
    [
      9,
      0,
      0,
      0,
      0
    ],
    [
      4,
      0,
      0,
      0,
      1
    ]
  ],
  "loss": 0.9200621312314814
}