{
  "2": {
    "precision": 0.25806451612903225,
    "recall": 1.0,
    "f1": 0.41025641025641024,
    "support": 8
  },
  "3": {
    "precision": 1.0,
    "recall": 0.14285714285714285,
    "f1": 0.25,
    "support": 7
  },
  "4": {
    "precision": 0.0,
    "recall": 0.0,
    "f1": 0.0,
    "support": 4
  },
  "5": {
    "precision": 0.0,
    "recall": 0.0,
    "f1": 0.0,
    "support": 9
  },
  "6": {
    "precision": 1.0,
    "recall": 0.2,
    "f1": 0.3333333333333333,
    "support": 5
  }
}