{
  "mae": 28.083876523104582,
  "rmse": 35.33889583450254,
  "r2": -1.0031404034242062,
  "pearson_r": 0.2613160239109546,
  "spearman_r": 0.702269436800645,
  "nmae": 0.28083876523104584,
  "ba_mean_diff": 25.115882873535156,
  "ba_loa_upper": 73.84189230701168,
  "ba_loa_lower": -23.610126559941364,
  "rounded_acc_5": 0.24242424242424243,
  "tolerance_acc_10": 0.2727272727272727,
  "loss": 27.607229496734313
}