{
  "mae": 5.810431848872792,
  "rmse": 9.933767923439866,
  "r2": 0.8701271599994747,
  "pearson_r": 0.9341583185094448,
  "spearman_r": 0.9010825624483075,
  "nmae": 0.05810431848872792,
  "ba_mean_diff": -0.48707435347817163,
  "ba_loa_upper": 18.959692018667216,
  "ba_loa_lower": -19.933840725623558,
  "rounded_acc_5": 0.6666666666666666,
  "tolerance_acc_10": 0.7878787878787878,
  "loss": 5.660482112039821
}