{
  "2": {
    "precision": 0.7857142857142857,
    "recall": 1.0,
    "f1": 0.88,
    "support": 11
  },
  "3": {
    "precision": 1.0,
    "recall": 0.3333333333333333,
    "f1": 0.5,
    "support": 6
  },
  "4": {
    "precision": 0.75,
    "recall": 0.6,
    "f1": 0.6666666666666666,
    "support": 5
  },
  "5": {
    "precision": 0.625,
    "recall": 0.8333333333333334,
    "f1": 0.7142857142857143,
    "support": 6
  },
  "6": {
    "precision": 0.6666666666666666,
    "recall": 0.6666666666666666,
    "f1": 0.6666666666666666,
    "support": 6
  }
}