{
  "accuracy": 0.45454545454545453,
  "macro_f1": 0.3043157894736842,
  "cohen_kappa": 0.279126213592233,
  "weighted_kappa": 0.6283783783783784,
  "precision_c0": 0.5454545454545454,
  "recall_c0": 0.75,
  "f1_c0": 0.631578947368421,
  "support_c0": 8,
  "precision_c1": 0.0,
  "recall_c1": 0.0,
  "f1_c1": 0.0,
  "support_c1": 7,
  "precision_c2": 0.0,
  "recall_c2": 0.0,
  "f1_c2": 0.0,
  "support_c2": 4,
  "precision_c3": 0.5,
  "recall_c3": 0.8888888888888888,
  "f1_c3": 0.64,
  "support_c3": 9,
  "precision_c4": 0.3333333333333333,
  "recall_c4": 0.2,
  "f1_c4": 0.25,
  "support_c4": 5,
  "confusion_matrix": [
    [
      6,
      2,
      0,
      0,
      0
    ],
    [
      5,
      0,
      1,
      0,
      1
    ],
    [
      0,
      0,
      0,
      4,
      0
    ],
    [
      0,
      0,
      0,
      8,
      1
    ],
    [
      0,
      0,
      0,
      4,
      1
    ]
  ],
  "loss": 1.0527876375299512
}