{
  "2": {
    "precision": 0.5454545454545454,
    "recall": 0.75,
    "f1": 0.631578947368421,
    "support": 8
  },
  "3": {
    "precision": 0.0,
    "recall": 0.0,
    "f1": 0.0,
    "support": 7
  },
  "4": {
    "precision": 0.0,
    "recall": 0.0,
    "f1": 0.0,
    "support": 4
  },
  "5": {
    "precision": 0.5,
    "recall": 0.8888888888888888,
    "f1": 0.64,
    "support": 9
  },
  "6": {
    "precision": 0.3333333333333333,
    "recall": 0.2,
    "f1": 0.25,
    "support": 5
  }
}