{
  "accuracy": 0.3333333333333333,
  "macro_f1": 0.25240641711229944,
  "cohen_kappa": 0.18518518518518523,
  "weighted_kappa": 0.15384615384615397,
  "precision_c0": 0.0,
  "recall_c0": 0.0,
  "f1_c0": 0.0,
  "support_c0": 7,
  "precision_c1": 0.0,
  "recall_c1": 0.0,
  "f1_c1": 0.0,
  "support_c1": 9,
  "precision_c2": 0.0,
  "recall_c2": 0.0,
  "f1_c2": 0.0,
  "support_c2": 5,
  "precision_c3": 0.21428571428571427,
  "recall_c3": 1.0,
  "f1_c3": 0.35294117647058826,
  "support_c3": 6,
  "precision_c4": 1.0,
  "recall_c4": 0.8333333333333334,
  "f1_c4": 0.9090909090909091,
  "support_c4": 6,
  "confusion_matrix": [
    [
      0,
      0,
      0,
      7,
      0
    ],
    [
      0,
      0,
      0,
      9,
      0
    ],
    [
      0,
      0,
      0,
      5,
      0
    ],
    [
      0,
      0,
      0,
      6,
      0
    ],
    [
      0,
      0,
      0,
      1,
      5
    ]
  ],
  "loss": 4.235784091439211
}