{
  "2": {
    "precision": 0.0,
    "recall": 0.0,
    "f1": 0.0,
    "support": 7
  },
  "3": {
    "precision": 0.0,
    "recall": 0.0,
    "f1": 0.0,
    "support": 9
  },
  "4": {
    "precision": 0.0,
    "recall": 0.0,
    "f1": 0.0,
    "support": 5
  },
  "5": {
    "precision": 0.21428571428571427,
    "recall": 1.0,
    "f1": 0.35294117647058826,
    "support": 6
  },
  "6": {
    "precision": 1.0,
    "recall": 0.8333333333333334,
    "f1": 0.9090909090909091,
    "support": 6
  }
}