{
  "accuracy": 0.3939393939393939,
  "macro_f1": 0.3243927125506073,
  "cohen_kappa": 0.23875432525951557,
  "weighted_kappa": 0.5303110173958883,
  "precision_c0": 0.5,
  "recall_c0": 0.8571428571428571,
  "f1_c0": 0.631578947368421,
  "support_c0": 7,
  "precision_c1": 0.5,
  "recall_c1": 0.2222222222222222,
  "f1_c1": 0.3076923076923077,
  "support_c1": 9,
  "precision_c2": 0.0,
  "recall_c2": 0.0,
  "f1_c2": 0.0,
  "support_c2": 5,
  "precision_c3": 0.3,
  "recall_c3": 0.5,
  "f1_c3": 0.375,
  "support_c3": 6,
  "precision_c4": 0.2857142857142857,
  "recall_c4": 0.3333333333333333,
  "f1_c4": 0.3076923076923077,
  "support_c4": 6,
  "confusion_matrix": [
    [
      6,
      1,
      0,
      0,
      0
    ],
    [
      5,
      2,
      0,
      1,
      1
    ],
    [
      0,
      1,
      0,
      3,
      1
    ],
    [
      0,
      0,
      0,
      3,
      3
    ],
    [
      1,
      0,
      0,
      3,
      2
    ]
  ]
}