{
  "2": {
    "precision": 0.5,
    "recall": 0.8571428571428571,
    "f1": 0.631578947368421,
    "support": 7
  },
  "3": {
    "precision": 0.5,
    "recall": 0.2222222222222222,
    "f1": 0.3076923076923077,
    "support": 9
  },
  "4": {
    "precision": 0.0,
    "recall": 0.0,
    "f1": 0.0,
    "support": 5
  },
  "5": {
    "precision": 0.3,
    "recall": 0.5,
    "f1": 0.375,
    "support": 6
  },
  "6": {
    "precision": 0.2857142857142857,
    "recall": 0.3333333333333333,
    "f1": 0.3076923076923077,
    "support": 6
  }
}