{
  "mae": 1.3301051638343118,
  "rmse": 2.536771910655312,
  "r2": 0.8311989216117835,
  "pearson_r": 0.9205082707570104,
  "spearman_r": 0.8988819787001355,
  "nmae": 0.06650525819171559,
  "ba_mean_diff": -0.41501115849523834,
  "ba_loa_upper": 4.4900733697875035,
  "ba_loa_lower": -5.32009568677798,
  "rounded_acc_1": 0.7272727272727273,
  "tolerance_acc_1p5": 0.7272727272727273,
  "loss": 0.9278681592282021
}