{
  "mae": 7.710097789764404,
  "rmse": 10.002706931800757,
  "r2": -1.2241095441466063,
  "pearson_r": 0.741698943100392,
  "spearman_r": 0.7227774804653231,
  "nmae": 0.3855048894882202,
  "ba_mean_diff": 7.4453061889199645,
  "ba_loa_upper": 20.5379832066643,
  "ba_loa_lower": -5.64737082882437,
  "rounded_acc_1": 0.2647058823529412,
  "tolerance_acc_1p5": 0.2647058823529412,
  "loss": 7.232696894249496
}