{
  "mae": 6.1193779309590655,
  "rmse": 8.040798012595891,
  "r2": -0.4611247029930605,
  "pearson_r": 0.8427897035352256,
  "spearman_r": 0.7669263486682387,
  "nmae": 0.3059688965479533,
  "ba_mean_diff": 5.128784569826993,
  "ba_loa_upper": 17.26655066670825,
  "ba_loa_lower": -7.008981527054263,
  "rounded_acc_1": 0.30303030303030304,
  "tolerance_acc_1p5": 0.30303030303030304,
  "loss": 5.668532977019898
}