{
  "accuracy": 0.5757575757575758,
  "macro_f1": 0.47212121212121205,
  "cohen_kappa": 0.4486873508353222,
  "weighted_kappa": 0.7167381974248926,
  "precision_c0": 0.5714285714285714,
  "recall_c0": 1.0,
  "f1_c0": 0.7272727272727273,
  "support_c0": 8,
  "precision_c1": 0.0,
  "recall_c1": 0.0,
  "f1_c1": 0.0,
  "support_c1": 7,
  "precision_c2": 0.5,
  "recall_c2": 0.25,
  "f1_c2": 0.3333333333333333,
  "support_c2": 4,
  "precision_c3": 0.6363636363636364,
  "recall_c3": 0.7777777777777778,
  "f1_c3": 0.7,
  "support_c3": 9,
  "precision_c4": 0.6,
  "recall_c4": 0.6,
  "f1_c4": 0.6,
  "support_c4": 5,
  "confusion_matrix": [
    [
      8,
      0,
      0,
      0,
      0
    ],
    [
      6,
      0,
      0,
      0,
      1
    ],
    [
      0,
      1,
      1,
      2,
      0
    ],
    [
      0,
      0,
      1,
      7,
      1
    ],
    [
      0,
      0,
      0,
      2,
      3
    ]
  ]
}