{
  "2": {
    "precision": 0.5714285714285714,
    "recall": 1.0,
    "f1": 0.7272727272727273,
    "support": 8
  },
  "3": {
    "precision": 0.0,
    "recall": 0.0,
    "f1": 0.0,
    "support": 7
  },
  "4": {
    "precision": 0.5,
    "recall": 0.25,
    "f1": 0.3333333333333333,
    "support": 4
  },
  "5": {
    "precision": 0.6363636363636364,
    "recall": 0.7777777777777778,
    "f1": 0.7,
    "support": 9
  },
  "6": {
    "precision": 0.6,
    "recall": 0.6,
    "f1": 0.6,
    "support": 5
  }
}