{
  "mae": 25.595263649435605,
  "rmse": 30.63894971065007,
  "r2": -0.21880323944429603,
  "pearson_r": 0.5731368053640586,
  "spearman_r": 0.5160851712130132,
  "nmae": 0.25595263649435607,
  "ba_mean_diff": 13.332440320183249,
  "ba_loa_upper": 67.40113810406069,
  "ba_loa_lower": -40.7362574636942,
  "rounded_acc_5": 0.20588235294117646,
  "tolerance_acc_10": 0.29411764705882354,
  "loss": 25.123200700125274
}