{
  "accuracy": 0.5454545454545454,
  "macro_f1": 0.4643981749244907,
  "cohen_kappa": 0.42641946697566624,
  "weighted_kappa": 0.7060133630289532,
  "precision_c0": 0.2857142857142857,
  "recall_c0": 0.3333333333333333,
  "f1_c0": 0.3076923076923077,
  "support_c0": 6,
  "precision_c1": 0.5,
  "recall_c1": 0.5555555555555556,
  "f1_c1": 0.5263157894736842,
  "support_c1": 9,
  "precision_c2": 1.0,
  "recall_c2": 0.4,
  "f1_c2": 0.5714285714285714,
  "support_c2": 5,
  "precision_c3": 0.7142857142857143,
  "recall_c3": 0.7142857142857143,
  "f1_c3": 0.7142857142857143,
  "support_c3": 7,
  "precision_c4": 0.5714285714285714,
  "recall_c4": 0.8,
  "f1_c4": 0.6666666666666666,
  "support_c4": 5,
  "precision_c5": 0.0,
  "recall_c5": 0.0,
  "f1_c5": 0.0,
  "support_c5": 1,
  "confusion_matrix": [
    [
      2,
      4,
      0,
      0,
      0,
      0
    ],
    [
      4,
      5,
      0,
      0,
      0,
      0
    ],
    [
      1,
      1,
      2,
      1,
      0,
      0
    ],
    [
      0,
      0,
      0,
      5,
      2,
      0
    ],
    [
      0,
      0,
      0,
      1,
      4,
      0
    ],
    [
      0,
      0,
      0,
      0,
      1,
      0
    ]
  ],
  "loss": 1.0488323072592418
}