{
  "0": {
    "precision": 0.2857142857142857,
    "recall": 0.3333333333333333,
    "f1": 0.3076923076923077,
    "support": 6
  },
  "1": {
    "precision": 0.5,
    "recall": 0.5555555555555556,
    "f1": 0.5263157894736842,
    "support": 9
  },
  "1+": {
    "precision": 1.0,
    "recall": 0.4,
    "f1": 0.5714285714285714,
    "support": 5
  },
  "2": {
    "precision": 0.7142857142857143,
    "recall": 0.7142857142857143,
    "f1": 0.7142857142857143,
    "support": 7
  },
  "3": {
    "precision": 0.5714285714285714,
    "recall": 0.8,
    "f1": 0.6666666666666666,
    "support": 5
  },
  "4": {
    "precision": 0.0,
    "recall": 0.0,
    "f1": 0.0,
    "support": 1
  }
}