{
  "accuracy": 0.3333333333333333,
  "macro_f1": 0.24152046783625733,
  "cohen_kappa": 0.13157894736842102,
  "weighted_kappa": 0.27116564417177913,
  "precision_c0": 0.5,
  "recall_c0": 0.3333333333333333,
  "f1_c0": 0.4,
  "support_c0": 6,
  "precision_c1": 0.29411764705882354,
  "recall_c1": 0.625,
  "f1_c1": 0.4,
  "support_c1": 8,
  "precision_c2": 1.0,
  "recall_c2": 0.2,
  "f1_c2": 0.3333333333333333,
  "support_c2": 5,
  "precision_c3": 0.2727272727272727,
  "recall_c3": 0.375,
  "f1_c3": 0.3157894736842105,
  "support_c3": 8,
  "precision_c4": 0.0,
  "recall_c4": 0.0,
  "f1_c4": 0.0,
  "support_c4": 4,
  "precision_c5": 0.0,
  "recall_c5": 0.0,
  "f1_c5": 0.0,
  "support_c5": 2,
  "confusion_matrix": [
    [
      2,
      4,
      0,
      0,
      0,
      0
    ],
    [
      1,
      5,
      0,
      2,
      0,
      0
    ],
    [
      1,
      1,
      1,
      2,
      0,
      0
    ],
    [
      0,
      5,
      0,
      3,
      0,
      0
    ],
    [
      0,
      2,
      0,
      2,
      0,
      0
    ],
    [
      0,
      0,
      0,
      2,
      0,
      0
    ]
  ],
  "loss": 1.597460938064438
}