{
  "0": {
    "precision": 0.5,
    "recall": 0.3333333333333333,
    "f1": 0.4,
    "support": 6
  },
  "1": {
    "precision": 0.29411764705882354,
    "recall": 0.625,
    "f1": 0.4,
    "support": 8
  },
  "1+": {
    "precision": 1.0,
    "recall": 0.2,
    "f1": 0.3333333333333333,
    "support": 5
  },
  "2": {
    "precision": 0.2727272727272727,
    "recall": 0.375,
    "f1": 0.3157894736842105,
    "support": 8
  },
  "3": {
    "precision": 0.0,
    "recall": 0.0,
    "f1": 0.0,
    "support": 4
  },
  "4": {
    "precision": 0.0,
    "recall": 0.0,
    "f1": 0.0,
    "support": 2
  }
}