{
  "0": {
    "precision": 0.7142857142857143,
    "recall": 0.8333333333333334,
    "f1": 0.7692307692307693,
    "support": 6
  },
  "1": {
    "precision": 0.875,
    "recall": 0.875,
    "f1": 0.875,
    "support": 8
  },
  "1+": {
    "precision": 1.0,
    "recall": 0.8,
    "f1": 0.8888888888888888,
    "support": 5
  },
  "2": {
    "precision": 1.0,
    "recall": 0.625,
    "f1": 0.7692307692307693,
    "support": 8
  },
  "3": {
    "precision": 0.5,
    "recall": 1.0,
    "f1": 0.6666666666666666,
    "support": 4
  },
  "4": {
    "precision": 1.0,
    "recall": 0.5,
    "f1": 0.6666666666666666,
    "support": 2
  }
}