{
  "accuracy": 0.30303030303030304,
  "macro_f1": 0.15288220551378445,
  "cohen_kappa": 0.12658227848101278,
  "weighted_kappa": 0.0,
  "precision_c0": 0.18181818181818182,
  "recall_c0": 0.6666666666666666,
  "f1_c0": 0.2857142857142857,
  "support_c0": 6,
  "precision_c1": 0.5454545454545454,
  "recall_c1": 0.75,
  "f1_c1": 0.631578947368421,
  "support_c1": 8,
  "precision_c2": 0.0,
  "recall_c2": 0.0,
  "f1_c2": 0.0,
  "support_c2": 5,
  "precision_c3": 0.0,
  "recall_c3": 0.0,
  "f1_c3": 0.0,
  "support_c3": 8,
  "precision_c4": 0.0,
  "recall_c4": 0.0,
  "f1_c4": 0.0,
  "support_c4": 4,
  "precision_c5": 0.0,
  "recall_c5": 0.0,
  "f1_c5": 0.0,
  "support_c5": 2,
  "confusion_matrix": [
    [
      4,
      2,
      0,
      0,
      0,
      0
    ],
    [
      2,
      6,
      0,
      0,
      0,
      0
    ],
    [
      3,
      2,
      0,
      0,
      0,
      0
    ],
    [
      7,
      1,
      0,
      0,
      0,
      0
    ],
    [
      4,
      0,
      0,
      0,
      0,
      0
    ],
    [
      2,
      0,
      0,
      0,
      0,
      0
    ]
  ],
  "loss": 0.7246157959254101
}