{
  "0": {
    "precision": 0.18181818181818182,
    "recall": 0.6666666666666666,
    "f1": 0.2857142857142857,
    "support": 6
  },
  "1": {
    "precision": 0.5454545454545454,
    "recall": 0.75,
    "f1": 0.631578947368421,
    "support": 8
  },
  "1+": {
    "precision": 0.0,
    "recall": 0.0,
    "f1": 0.0,
    "support": 5
  },
  "2": {
    "precision": 0.0,
    "recall": 0.0,
    "f1": 0.0,
    "support": 8
  },
  "3": {
    "precision": 0.0,
    "recall": 0.0,
    "f1": 0.0,
    "support": 4
  },
  "4": {
    "precision": 0.0,
    "recall": 0.0,
    "f1": 0.0,
    "support": 2
  }
}