{
  "mae": 5.551533159087686,
  "rmse": 7.829503494711274,
  "r2": 0.9204107711379471,
  "pearson_r": 0.9632260830145496,
  "spearman_r": 0.9391276303384313,
  "nmae": 0.05551533159087686,
  "ba_mean_diff": -2.2119739125756657,
  "ba_loa_upper": 12.508695616624836,
  "ba_loa_lower": -16.932643441776168,
  "rounded_acc_5": 0.5882352941176471,
  "tolerance_acc_10": 0.8235294117647058,
  "loss": 5.285256938870047
}