{
  "accuracy": 0.7272727272727273,
  "macro_f1": 0.7257936507936508,
  "cohen_kappa": 0.65625,
  "weighted_kappa": 0.7772778402699663,
  "precision_c0": 0.8333333333333334,
  "recall_c0": 0.8333333333333334,
  "f1_c0": 0.8333333333333334,
  "support_c0": 6,
  "precision_c1": 0.8181818181818182,
  "recall_c1": 1.0,
  "f1_c1": 0.9,
  "support_c1": 9,
  "precision_c2": 0.3333333333333333,
  "recall_c2": 0.2,
  "f1_c2": 0.25,
  "support_c2": 5,
  "precision_c3": 0.5714285714285714,
  "recall_c3": 0.5714285714285714,
  "f1_c3": 0.5714285714285714,
  "support_c3": 7,
  "precision_c4": 0.8,
  "recall_c4": 0.8,
  "f1_c4": 0.8,
  "support_c4": 5,
  "precision_c5": 1.0,
  "recall_c5": 1.0,
  "f1_c5": 1.0,
  "support_c5": 1,
  "confusion_matrix": [
    [
      5,
      0,
      0,
      1,
      0,
      0
    ],
    [
      0,
      9,
      0,
      0,
      0,
      0
    ],
    [
      1,
      2,
      1,
      1,
      0,
      0
    ],
    [
      0,
      0,
      2,
      4,
      1,
      0
    ],
    [
      0,
      0,
      0,
      1,
      4,
      0
    ],
    [
      0,
      0,
      0,
      0,
      0,
      1
    ]
  ]
}