{
  "0": {
    "precision": 0.8333333333333334,
    "recall": 0.8333333333333334,
    "f1": 0.8333333333333334,
    "support": 6
  },
  "1": {
    "precision": 0.8181818181818182,
    "recall": 1.0,
    "f1": 0.9,
    "support": 9
  },
  "1+": {
    "precision": 0.3333333333333333,
    "recall": 0.2,
    "f1": 0.25,
    "support": 5
  },
  "2": {
    "precision": 0.5714285714285714,
    "recall": 0.5714285714285714,
    "f1": 0.5714285714285714,
    "support": 7
  },
  "3": {
    "precision": 0.8,
    "recall": 0.8,
    "f1": 0.8,
    "support": 5
  },
  "4": {
    "precision": 1.0,
    "recall": 1.0,
    "f1": 1.0,
    "support": 1
  }
}