{
  "mae": 4.03303760470766,
  "rmse": 5.441039041698007,
  "r2": 0.22343813290721515,
  "pearson_r": 0.5662901885251528,
  "spearman_r": 0.6558819811000429,
  "nmae": 0.201651880235383,
  "ba_mean_diff": 1.7626442909240723,
  "ba_loa_upper": 11.851979356241177,
  "ba_loa_lower": -8.326690774393033,
  "rounded_acc_1": 0.2727272727272727,
  "tolerance_acc_1p5": 0.2727272727272727,
  "loss": 3.5880732915016136
}