{
  "mae": 5.832760066697092,
  "rmse": 10.182414172740986,
  "r2": 0.8635442519457285,
  "pearson_r": 0.931654264303432,
  "spearman_r": 0.8936217219860191,
  "nmae": 0.058327600666970916,
  "ba_mean_diff": -1.115255796548092,
  "ba_loa_upper": 18.72220648902863,
  "ba_loa_lower": -20.95271808212481,
  "rounded_acc_5": 0.7575757575757576,
  "tolerance_acc_10": 0.7878787878787878,
  "loss": 5.568841215621943
}