{
  "mae": 6.2066938037087285,
  "rmse": 6.652683682512157,
  "r2": -0.0001905037674247989,
  "pearson_r": NaN,
  "spearman_r": NaN,
  "nmae": 0.3103346901854364,
  "ba_mean_diff": -0.0918136589778388,
  "ba_loa_upper": 12.946204522095188,
  "ba_loa_lower": -13.129831840050867,
  "rounded_acc_1": 0.0,
  "tolerance_acc_1p5": 0.0
}