{
  "mae": 1.6760837562156445,
  "rmse": 2.5152989341621175,
  "r2": 0.8340445229548458,
  "pearson_r": 0.9238450226127801,
  "spearman_r": 0.9287329100823415,
  "nmae": 0.08380418781078222,
  "ba_mean_diff": -0.09417233683846214,
  "ba_loa_upper": 4.83235708307746,
  "ba_loa_lower": -5.020701756754384,
  "rounded_acc_1": 0.5454545454545454,
  "tolerance_acc_1p5": 0.5454545454545454,
  "loss": 1.3446870493439187
}