{
  "mae": 3.4828488321015327,
  "rmse": 4.6548098045660495,
  "r2": 0.4316494857195028,
  "pearson_r": 0.7909744159713648,
  "spearman_r": 0.882782599977148,
  "nmae": 0.17414244160507664,
  "ba_mean_diff": 2.701169071775494,
  "ba_loa_upper": 10.131337505898095,
  "ba_loa_lower": -4.728999362347108,
  "rounded_acc_1": 0.36363636363636365,
  "tolerance_acc_1p5": 0.36363636363636365,
  "loss": 3.051432698573729
}