{
  "mae": 2.3760073401711206,
  "rmse": 3.601885285939671,
  "r2": 0.6596920218558672,
  "pearson_r": 0.8513232624087412,
  "spearman_r": 0.8472298052972174,
  "nmae": 0.11880036700855603,
  "ba_mean_diff": -1.2867319078156443,
  "ba_loa_upper": 5.3071166878082785,
  "ba_loa_lower": -7.8805805034395675,
  "rounded_acc_1": 0.45454545454545453,
  "tolerance_acc_1p5": 0.45454545454545453,
  "loss": 1.936034332215786
}