{
  "mae": 33.60144204081911,
  "rmse": 42.03822451740003,
  "r2": -1.3258357892233388,
  "pearson_r": 0.12450924213996317,
  "spearman_r": 0.18628080751747159,
  "nmae": 0.3360144204081911,
  "ba_mean_diff": -31.75033129345287,
  "ba_loa_upper": 22.252160630953743,
  "ba_loa_lower": -85.75282321785949,
  "rounded_acc_5": 0.2727272727272727,
  "tolerance_acc_10": 0.36363636363636365,
  "loss": 33.07693366908064
}