{
  "accuracy": 0.6363636363636364,
  "macro_f1": 0.6458430458430457,
  "cohen_kappa": 0.5458715596330275,
  "weighted_kappa": 0.7444690265486725,
  "precision_c0": 0.5454545454545454,
  "recall_c0": 0.8571428571428571,
  "f1_c0": 0.6666666666666666,
  "support_c0": 7,
  "precision_c1": 0.75,
  "recall_c1": 0.3333333333333333,
  "f1_c1": 0.46153846153846156,
  "support_c1": 9,
  "precision_c2": 1.0,
  "recall_c2": 0.8,
  "f1_c2": 0.8888888888888888,
  "support_c2": 5,
  "precision_c3": 0.5555555555555556,
  "recall_c3": 0.8333333333333334,
  "f1_c3": 0.6666666666666666,
  "support_c3": 6,
  "precision_c4": 0.6,
  "recall_c4": 0.5,
  "f1_c4": 0.5454545454545454,
  "support_c4": 6,
  "confusion_matrix": [
    [
      6,
      1,
      0,
      0,
      0
    ],
    [
      5,
      3,
      0,
      0,
      1
    ],
    [
      0,
      0,
      4,
      1,
      0
    ],
    [
      0,
      0,
      0,
      5,
      1
    ],
    [
      0,
      0,
      0,
      3,
      3
    ]
  ],
  "loss": 0.4333970323355511
}