{
  "2": {
    "precision": 0.5454545454545454,
    "recall": 0.8571428571428571,
    "f1": 0.6666666666666666,
    "support": 7
  },
  "3": {
    "precision": 0.75,
    "recall": 0.3333333333333333,
    "f1": 0.46153846153846156,
    "support": 9
  },
  "4": {
    "precision": 1.0,
    "recall": 0.8,
    "f1": 0.8888888888888888,
    "support": 5
  },
  "5": {
    "precision": 0.5555555555555556,
    "recall": 0.8333333333333334,
    "f1": 0.6666666666666666,
    "support": 6
  },
  "6": {
    "precision": 0.6,
    "recall": 0.5,
    "f1": 0.5454545454545454,
    "support": 6
  }
}