{
  "mae": 5.941520466524012,
  "rmse": 9.005054106494478,
  "r2": 0.8947169384327778,
  "pearson_r": 0.9514276761918234,
  "spearman_r": 0.916667299217088,
  "nmae": 0.05941520466524012,
  "ba_mean_diff": -2.730263766120462,
  "ba_loa_upper": 14.088850065810398,
  "ba_loa_lower": -19.549377598051322,
  "rounded_acc_5": 0.6470588235294118,
  "tolerance_acc_10": 0.7647058823529411,
  "loss": 5.847113284413867
}