{
  "accuracy": 0.7272727272727273,
  "macro_f1": 0.6167211328976034,
  "cohen_kappa": 0.6570438799076213,
  "weighted_kappa": 0.7980416156670747,
  "precision_c0": 1.0,
  "recall_c0": 0.6666666666666666,
  "f1_c0": 0.8,
  "support_c0": 6,
  "precision_c1": 0.75,
  "recall_c1": 0.6666666666666666,
  "f1_c1": 0.7058823529411765,
  "support_c1": 9,
  "precision_c2": 0.5714285714285714,
  "recall_c2": 0.8,
  "f1_c2": 0.6666666666666666,
  "support_c2": 5,
  "precision_c3": 0.6363636363636364,
  "recall_c3": 1.0,
  "f1_c3": 0.7777777777777778,
  "support_c3": 7,
  "precision_c4": 1.0,
  "recall_c4": 0.6,
  "f1_c4": 0.75,
  "support_c4": 5,
  "precision_c5": 0.0,
  "recall_c5": 0.0,
  "f1_c5": 0.0,
  "support_c5": 1,
  "confusion_matrix": [
    [
      4,
      2,
      0,
      0,
      0,
      0
    ],
    [
      0,
      6,
      3,
      0,
      0,
      0
    ],
    [
      0,
      0,
      4,
      1,
      0,
      0
    ],
    [
      0,
      0,
      0,
      7,
      0,
      0
    ],
    [
      0,
      0,
      0,
      2,
      3,
      0
    ],
    [
      0,
      0,
      0,
      1,
      0,
      0
    ]
  ],
  "loss": 0.5684669503396509
}