{
  "0": {
    "precision": 1.0,
    "recall": 0.6666666666666666,
    "f1": 0.8,
    "support": 6
  },
  "1": {
    "precision": 0.75,
    "recall": 0.6666666666666666,
    "f1": 0.7058823529411765,
    "support": 9
  },
  "1+": {
    "precision": 0.5714285714285714,
    "recall": 0.8,
    "f1": 0.6666666666666666,
    "support": 5
  },
  "2": {
    "precision": 0.6363636363636364,
    "recall": 1.0,
    "f1": 0.7777777777777778,
    "support": 7
  },
  "3": {
    "precision": 1.0,
    "recall": 0.6,
    "f1": 0.75,
    "support": 5
  },
  "4": {
    "precision": 0.0,
    "recall": 0.0,
    "f1": 0.0,
    "support": 1
  }
}