{
  "mae": 8.959013469291456,
  "rmse": 12.674035151484102,
  "r2": 0.7423469702354477,
  "pearson_r": 0.8660065165605211,
  "spearman_r": 0.8862489626752359,
  "nmae": 0.08959013469291456,
  "ba_mean_diff": -0.9608744491230358,
  "ba_loa_upper": 23.80874040266178,
  "ba_loa_lower": -25.730489300907852,
  "rounded_acc_5": 0.45454545454545453,
  "tolerance_acc_10": 0.5757575757575758,
  "loss": 8.524502179839395
}