{
  "mae": 1.879659977826205,
  "rmse": 3.2740778252961515,
  "r2": 0.7188161497967406,
  "pearson_r": 0.8640144803110645,
  "spearman_r": 0.8682650899285086,
  "nmae": 0.09398299889131026,
  "ba_mean_diff": 0.9693866281798391,
  "ba_loa_upper": 7.098853852799772,
  "ba_loa_lower": -5.160080596440094,
  "rounded_acc_1": 0.5757575757575758,
  "tolerance_acc_1p5": 0.5757575757575758,
  "loss": 1.6302419034933502
}