{
  "mae": 7.911127575419166,
  "rmse": 11.221633977576317,
  "r2": 0.7980156890751405,
  "pearson_r": 0.9086356331527622,
  "spearman_r": 0.9284353507738682,
  "nmae": 0.07911127575419166,
  "ba_mean_diff": 2.9000833946647067,
  "ba_loa_upper": 24.147295715120315,
  "ba_loa_lower": -18.347128925790905,
  "rounded_acc_5": 0.48484848484848486,
  "tolerance_acc_10": 0.696969696969697
}