{
  "accuracy": 0.48484848484848486,
  "macro_f1": 0.2543939393939394,
  "cohen_kappa": 0.32328106151990355,
  "weighted_kappa": 0.5649717514124294,
  "precision_c0": 0.5,
  "recall_c0": 0.16666666666666666,
  "f1_c0": 0.25,
  "support_c0": 6,
  "precision_c1": 0.47058823529411764,
  "recall_c1": 1.0,
  "f1_c1": 0.64,
  "support_c1": 8,
  "precision_c2": 0.0,
  "recall_c2": 0.0,
  "f1_c2": 0.0,
  "support_c2": 5,
  "precision_c3": 0.5,
  "recall_c3": 0.875,
  "f1_c3": 0.6363636363636364,
  "support_c3": 8,
  "precision_c4": 0.0,
  "recall_c4": 0.0,
  "f1_c4": 0.0,
  "support_c4": 4,
  "precision_c5": 0.0,
  "recall_c5": 0.0,
  "f1_c5": 0.0,
  "support_c5": 2,
  "confusion_matrix": [
    [
      1,
      5,
      0,
      0,
      0,
      0
    ],
    [
      0,
      8,
      0,
      0,
      0,
      0
    ],
    [
      1,
      3,
      0,
      1,
      0,
      0
    ],
    [
      0,
      1,
      0,
      7,
      0,
      0
    ],
    [
      0,
      0,
      0,
      4,
      0,
      0
    ],
    [
      0,
      0,
      0,
      2,
      0,
      0
    ]
  ]
}