{
  "0": {
    "precision": 0.5,
    "recall": 0.16666666666666666,
    "f1": 0.25,
    "support": 6
  },
  "1": {
    "precision": 0.47058823529411764,
    "recall": 1.0,
    "f1": 0.64,
    "support": 8
  },
  "1+": {
    "precision": 0.0,
    "recall": 0.0,
    "f1": 0.0,
    "support": 5
  },
  "2": {
    "precision": 0.5,
    "recall": 0.875,
    "f1": 0.6363636363636364,
    "support": 8
  },
  "3": {
    "precision": 0.0,
    "recall": 0.0,
    "f1": 0.0,
    "support": 4
  },
  "4": {
    "precision": 0.0,
    "recall": 0.0,
    "f1": 0.0,
    "support": 2
  }
}