{
  "mae": 1.293743200374372,
  "rmse": 3.1804819453583133,
  "r2": 0.7714007257870639,
  "pearson_r": 0.8895081417856818,
  "spearman_r": 0.8641116845274431,
  "nmae": 0.0646871600187186,
  "ba_mean_diff": 0.5812318017988494,
  "ba_loa_upper": 6.709996979690291,
  "ba_loa_lower": -5.547533376092592,
  "rounded_acc_1": 0.9090909090909091,
  "tolerance_acc_1p5": 0.9090909090909091,
  "loss": 0.9453828336614551
}