{
  "mae": 34.25197966171034,
  "rmse": 42.83558260989234,
  "r2": -1.4149029089277363,
  "pearson_r": 0.6063881679845997,
  "spearman_r": 0.8533403178902881,
  "nmae": 0.34251979661710336,
  "ba_mean_diff": -33.14640606533397,
  "ba_loa_upper": 20.03439000026318,
  "ba_loa_lower": -86.32720213093111,
  "rounded_acc_5": 0.24242424242424243,
  "tolerance_acc_10": 0.30303030303030304,
  "loss": 33.69779476734123
}