{
  "mae": 1.728000035791686,
  "rmse": 3.3856551134539035,
  "r2": 0.7409554798712875,
  "pearson_r": 0.8642523609816685,
  "spearman_r": 0.8022817036101217,
  "nmae": 0.0864000017895843,
  "ba_mean_diff": 0.20553030570348105,
  "ba_loa_upper": 6.829175614505128,
  "ba_loa_lower": -6.418115003098166,
  "rounded_acc_1": 0.6666666666666666,
  "tolerance_acc_1p5": 0.6666666666666666,
  "loss": 1.3385015458433014
}