{
  "mae": 2.8720875835393906,
  "rmse": 3.8431701988894322,
  "r2": 0.6125714575960817,
  "pearson_r": 0.8863343732695609,
  "spearman_r": 0.8799316683282857,
  "nmae": 0.14360437917696953,
  "ba_mean_diff": 0.6066736778666485,
  "ba_loa_upper": 8.044842489841127,
  "ba_loa_lower": -6.831495134107829,
  "rounded_acc_1": 0.42424242424242425,
  "tolerance_acc_1p5": 0.42424242424242425
}