{
  "accuracy": 0.7647058823529411,
  "macro_f1": 0.7243116883116884,
  "cohen_kappa": 0.693348365276212,
  "weighted_kappa": 0.8620689655172413,
  "precision_c0": 0.7857142857142857,
  "recall_c0": 1.0,
  "f1_c0": 0.88,
  "support_c0": 11,
  "precision_c1": 1.0,
  "recall_c1": 0.3333333333333333,
  "f1_c1": 0.5,
  "support_c1": 6,
  "precision_c2": 0.8,
  "recall_c2": 0.8,
  "f1_c2": 0.8,
  "support_c2": 5,
  "precision_c3": 0.625,
  "recall_c3": 0.8333333333333334,
  "f1_c3": 0.7142857142857143,
  "support_c3": 6,
  "precision_c4": 0.8,
  "recall_c4": 0.6666666666666666,
  "f1_c4": 0.7272727272727273,
  "support_c4": 6,
  "confusion_matrix": [
    [
      11,
      0,
      0,
      0,
      0
    ],
    [
      3,
      2,
      1,
      0,
      0
    ],
    [
      0,
      0,
      4,
      1,
      0
    ],
    [
      0,
      0,
      0,
      5,
      1
    ],
    [
      0,
      0,
      0,
      2,
      4
    ]
  ],
  "loss": 0.5155486268648768
}