{
  "accuracy": 0.7058823529411765,
  "macro_f1": 0.6440545808966861,
  "cohen_kappa": 0.6316359696641387,
  "weighted_kappa": 0.7700312174817898,
  "precision_c0": 1.0,
  "recall_c0": 0.6666666666666666,
  "f1_c0": 0.8,
  "support_c0": 6,
  "precision_c1": 0.8888888888888888,
  "recall_c1": 0.8,
  "f1_c1": 0.8421052631578947,
  "support_c1": 10,
  "precision_c2": 0.4,
  "recall_c2": 0.6666666666666666,
  "f1_c2": 0.5,
  "support_c2": 3,
  "precision_c3": 0.7,
  "recall_c3": 0.875,
  "f1_c3": 0.7777777777777778,
  "support_c3": 8,
  "precision_c4": 0.5,
  "recall_c4": 0.4,
  "f1_c4": 0.4444444444444444,
  "support_c4": 5,
  "precision_c5": 0.5,
  "recall_c5": 0.5,
  "f1_c5": 0.5,
  "support_c5": 2,
  "confusion_matrix": [
    [
      4,
      0,
      1,
      1,
      0,
      0
    ],
    [
      0,
      8,
      2,
      0,
      0,
      0
    ],
    [
      0,
      1,
      2,
      0,
      0,
      0
    ],
    [
      0,
      0,
      0,
      7,
      1,
      0
    ],
    [
      0,
      0,
      0,
      2,
      2,
      1
    ],
    [
      0,
      0,
      0,
      0,
      1,
      1
    ]
  ]
}