{
  "0": {
    "precision": 1.0,
    "recall": 0.6666666666666666,
    "f1": 0.8,
    "support": 6
  },
  "1": {
    "precision": 0.8888888888888888,
    "recall": 0.8,
    "f1": 0.8421052631578947,
    "support": 10
  },
  "1+": {
    "precision": 0.4,
    "recall": 0.6666666666666666,
    "f1": 0.5,
    "support": 3
  },
  "2": {
    "precision": 0.7,
    "recall": 0.875,
    "f1": 0.7777777777777778,
    "support": 8
  },
  "3": {
    "precision": 0.5,
    "recall": 0.4,
    "f1": 0.4444444444444444,
    "support": 5
  },
  "4": {
    "precision": 0.5,
    "recall": 0.5,
    "f1": 0.5,
    "support": 2
  }
}