{
  "accuracy": 0.696969696969697,
  "macro_f1": 0.7010389610389611,
  "cohen_kappa": 0.6237172177879133,
  "weighted_kappa": 0.791578947368421,
  "precision_c0": 0.5384615384615384,
  "recall_c0": 1.0,
  "f1_c0": 0.7,
  "support_c0": 7,
  "precision_c1": 1.0,
  "recall_c1": 0.2222222222222222,
  "f1_c1": 0.36363636363636365,
  "support_c1": 9,
  "precision_c2": 1.0,
  "recall_c2": 1.0,
  "f1_c2": 1.0,
  "support_c2": 5,
  "precision_c3": 0.8,
  "recall_c3": 0.6666666666666666,
  "f1_c3": 0.7272727272727273,
  "support_c3": 6,
  "precision_c4": 0.625,
  "recall_c4": 0.8333333333333334,
  "f1_c4": 0.7142857142857143,
  "support_c4": 6,
  "confusion_matrix": [
    [
      7,
      0,
      0,
      0,
      0
    ],
    [
      6,
      2,
      0,
      0,
      1
    ],
    [
      0,
      0,
      5,
      0,
      0
    ],
    [
      0,
      0,
      0,
      4,
      2
    ],
    [
      0,
      0,
      0,
      1,
      5
    ]
  ],
  "loss": 0.374757858676215
}