{
  "2": {
    "precision": 0.5384615384615384,
    "recall": 1.0,
    "f1": 0.7,
    "support": 7
  },
  "3": {
    "precision": 1.0,
    "recall": 0.2222222222222222,
    "f1": 0.36363636363636365,
    "support": 9
  },
  "4": {
    "precision": 1.0,
    "recall": 1.0,
    "f1": 1.0,
    "support": 5
  },
  "5": {
    "precision": 0.8,
    "recall": 0.6666666666666666,
    "f1": 0.7272727272727273,
    "support": 6
  },
  "6": {
    "precision": 0.625,
    "recall": 0.8333333333333334,
    "f1": 0.7142857142857143,
    "support": 6
  }
}