{
  "mae": 5.698992613590125,
  "rmse": 7.786080435822506,
  "r2": 0.9027603893880575,
  "pearson_r": 0.9502984754669871,
  "spearman_r": 0.9461804187836104,
  "nmae": 0.05698992613590125,
  "ba_mean_diff": 0.35962278192693536,
  "ba_loa_upper": 15.604053725128137,
  "ba_loa_lower": -14.884808161274266,
  "rounded_acc_5": 0.6060606060606061,
  "tolerance_acc_10": 0.8484848484848485,
  "loss": 5.333846384347087
}