{
  "accuracy": 0.5294117647058824,
  "macro_f1": 0.3244536461927766,
  "cohen_kappa": 0.37614678899082576,
  "weighted_kappa": 0.7048008171603677,
  "precision_c0": 0.6875,
  "recall_c0": 1.0,
  "f1_c0": 0.8148148148148148,
  "support_c0": 11,
  "precision_c1": 0.0,
  "recall_c1": 0.0,
  "f1_c1": 0.0,
  "support_c1": 6,
  "precision_c2": 0.0,
  "recall_c2": 0.0,
  "f1_c2": 0.0,
  "support_c2": 5,
  "precision_c3": 0.35294117647058826,
  "recall_c3": 1.0,
  "f1_c3": 0.5217391304347826,
  "support_c3": 6,
  "precision_c4": 1.0,
  "recall_c4": 0.16666666666666666,
  "f1_c4": 0.2857142857142857,
  "support_c4": 6,
  "confusion_matrix": [
    [
      11,
      0,
      0,
      0,
      0
    ],
    [
      5,
      0,
      0,
      1,
      0
    ],
    [
      0,
      0,
      0,
      5,
      0
    ],
    [
      0,
      0,
      0,
      6,
      0
    ],
    [
      0,
      0,
      0,
      5,
      1
    ]
  ],
  "loss": 1.0011168637696435
}