{
  "2": {
    "precision": 0.6875,
    "recall": 1.0,
    "f1": 0.8148148148148148,
    "support": 11
  },
  "3": {
    "precision": 0.0,
    "recall": 0.0,
    "f1": 0.0,
    "support": 6
  },
  "4": {
    "precision": 0.0,
    "recall": 0.0,
    "f1": 0.0,
    "support": 5
  },
  "5": {
    "precision": 0.35294117647058826,
    "recall": 1.0,
    "f1": 0.5217391304347826,
    "support": 6
  },
  "6": {
    "precision": 1.0,
    "recall": 0.16666666666666666,
    "f1": 0.2857142857142857,
    "support": 6
  }
}