{
  "mae": 7.374833078095407,
  "rmse": 10.49048046639189,
  "r2": 0.8551624809077234,
  "pearson_r": 0.9257554362506331,
  "spearman_r": 0.8838287234372123,
  "nmae": 0.07374833078095407,
  "ba_mean_diff": -1.1490359595327666,
  "ba_loa_upper": 19.288595299200143,
  "ba_loa_lower": -21.586667218265678,
  "rounded_acc_5": 0.6666666666666666,
  "tolerance_acc_10": 0.696969696969697,
  "loss": 7.306703145094592
}