{
  "accuracy": 0.5882352941176471,
  "macro_f1": 0.5278632478632479,
  "cohen_kappa": 0.4663677130044843,
  "weighted_kappa": 0.7115768463073853,
  "precision_c0": 0.7692307692307693,
  "recall_c0": 0.9090909090909091,
  "f1_c0": 0.8333333333333334,
  "support_c0": 11,
  "precision_c1": 0.6666666666666666,
  "recall_c1": 0.3333333333333333,
  "f1_c1": 0.4444444444444444,
  "support_c1": 6,
  "precision_c2": 0.4,
  "recall_c2": 0.4,
  "f1_c2": 0.4,
  "support_c2": 5,
  "precision_c3": 0.5,
  "recall_c3": 0.5,
  "f1_c3": 0.5,
  "support_c3": 6,
  "precision_c4": 0.42857142857142855,
  "recall_c4": 0.5,
  "f1_c4": 0.46153846153846156,
  "support_c4": 6,
  "confusion_matrix": [
    [
      10,
      1,
      0,
      0,
      0
    ],
    [
      3,
      2,
      1,
      0,
      0
    ],
    [
      0,
      0,
      2,
      1,
      2
    ],
    [
      0,
      0,
      1,
      3,
      2
    ],
    [
      0,
      0,
      1,
      2,
      3
    ]
  ],
  "loss": 0.5711259178671182
}