{
  "2": {
    "precision": 0.7692307692307693,
    "recall": 0.9090909090909091,
    "f1": 0.8333333333333334,
    "support": 11
  },
  "3": {
    "precision": 0.6666666666666666,
    "recall": 0.3333333333333333,
    "f1": 0.4444444444444444,
    "support": 6
  },
  "4": {
    "precision": 0.4,
    "recall": 0.4,
    "f1": 0.4,
    "support": 5
  },
  "5": {
    "precision": 0.5,
    "recall": 0.5,
    "f1": 0.5,
    "support": 6
  },
  "6": {
    "precision": 0.42857142857142855,
    "recall": 0.5,
    "f1": 0.46153846153846156,
    "support": 6
  }
}