{
  "mae": 2.403329493368373,
  "rmse": 3.768168385169767,
  "r2": 0.6843675201193018,
  "pearson_r": 0.8712303498754461,
  "spearman_r": 0.8281538115863534,
  "nmae": 0.12016647466841865,
  "ba_mean_diff": -1.642873597495696,
  "ba_loa_upper": 5.003826929083595,
  "ba_loa_lower": -8.289574124074987,
  "rounded_acc_1": 0.5294117647058824,
  "tolerance_acc_1p5": 0.5294117647058824,
  "loss": 1.947120306560514
}