{
  "mae": 13.544330156210696,
  "rmse": 19.462828934837297,
  "r2": 0.5014574286175952,
  "pearson_r": 0.7777493348447737,
  "spearman_r": 0.7077665573393143,
  "nmae": 0.13544330156210696,
  "ba_mean_diff": -7.90482936483441,
  "ba_loa_upper": 26.954275253520418,
  "ba_loa_lower": -42.76393398318924,
  "rounded_acc_5": 0.21212121212121213,
  "tolerance_acc_10": 0.45454545454545453,
  "loss": 13.015159687851414
}