{
  "accuracy": 0.5882352941176471,
  "macro_f1": 0.35479797979797983,
  "cohen_kappa": 0.45475372279495996,
  "weighted_kappa": 0.6592427616926504,
  "precision_c0": 0.8,
  "recall_c0": 0.6666666666666666,
  "f1_c0": 0.7272727272727273,
  "support_c0": 6,
  "precision_c1": 0.75,
  "recall_c1": 0.9,
  "f1_c1": 0.8181818181818182,
  "support_c1": 10,
  "precision_c2": 0.0,
  "recall_c2": 0.0,
  "f1_c2": 0.0,
  "support_c2": 3,
  "precision_c3": 0.4375,
  "recall_c3": 0.875,
  "f1_c3": 0.5833333333333334,
  "support_c3": 8,
  "precision_c4": 0.0,
  "recall_c4": 0.0,
  "f1_c4": 0.0,
  "support_c4": 5,
  "precision_c5": 0.0,
  "recall_c5": 0.0,
  "f1_c5": 0.0,
  "support_c5": 2,
  "confusion_matrix": [
    [
      4,
      1,
      0,
      1,
      0,
      0
    ],
    [
      1,
      9,
      0,
      0,
      0,
      0
    ],
    [
      0,
      2,
      0,
      1,
      0,
      0
    ],
    [
      0,
      0,
      0,
      7,
      1,
      0
    ],
    [
      0,
      0,
      0,
      5,
      0,
      0
    ],
    [
      0,
      0,
      0,
      2,
      0,
      0
    ]
  ],
  "loss": 1.001652648606721
}