{
  "0": {
    "precision": 0.8,
    "recall": 0.6666666666666666,
    "f1": 0.7272727272727273,
    "support": 6
  },
  "1": {
    "precision": 0.75,
    "recall": 0.9,
    "f1": 0.8181818181818182,
    "support": 10
  },
  "1+": {
    "precision": 0.0,
    "recall": 0.0,
    "f1": 0.0,
    "support": 3
  },
  "2": {
    "precision": 0.4375,
    "recall": 0.875,
    "f1": 0.5833333333333334,
    "support": 8
  },
  "3": {
    "precision": 0.0,
    "recall": 0.0,
    "f1": 0.0,
    "support": 5
  },
  "4": {
    "precision": 0.0,
    "recall": 0.0,
    "f1": 0.0,
    "support": 2
  }
}