{
  "mae": 1.6463472481929895,
  "rmse": 3.3246286774064036,
  "r2": 0.7502098714902591,
  "pearson_r": 0.8681149876364177,
  "spearman_r": 0.8356263274652626,
  "nmae": 0.08231736240964947,
  "ba_mean_diff": 0.33895671728885535,
  "ba_loa_upper": 6.821273872336078,
  "ba_loa_lower": -6.143360437758367,
  "rounded_acc_1": 0.696969696969697,
  "tolerance_acc_1p5": 0.696969696969697
}