{
  "accuracy": 0.4117647058823529,
  "macro_f1": 0.2904589371980676,
  "cohen_kappa": 0.2584514721919302,
  "weighted_kappa": 0.5698569856985698,
  "precision_c0": 0.7142857142857143,
  "recall_c0": 0.45454545454545453,
  "f1_c0": 0.5555555555555556,
  "support_c0": 11,
  "precision_c1": 0.3,
  "recall_c1": 0.5,
  "f1_c1": 0.375,
  "support_c1": 6,
  "precision_c2": 0.0,
  "recall_c2": 0.0,
  "f1_c2": 0.0,
  "support_c2": 5,
  "precision_c3": 0.35294117647058826,
  "recall_c3": 1.0,
  "f1_c3": 0.5217391304347826,
  "support_c3": 6,
  "precision_c4": 0.0,
  "recall_c4": 0.0,
  "f1_c4": 0.0,
  "support_c4": 6,
  "confusion_matrix": [
    [
      5,
      6,
      0,
      0,
      0
    ],
    [
      2,
      3,
      0,
      1,
      0
    ],
    [
      0,
      0,
      0,
      5,
      0
    ],
    [
      0,
      0,
      0,
      6,
      0
    ],
    [
      0,
      1,
      0,
      5,
      0
    ]
  ]
}