{
  "2": {
    "precision": 0.7142857142857143,
    "recall": 0.45454545454545453,
    "f1": 0.5555555555555556,
    "support": 11
  },
  "3": {
    "precision": 0.3,
    "recall": 0.5,
    "f1": 0.375,
    "support": 6
  },
  "4": {
    "precision": 0.0,
    "recall": 0.0,
    "f1": 0.0,
    "support": 5
  },
  "5": {
    "precision": 0.35294117647058826,
    "recall": 1.0,
    "f1": 0.5217391304347826,
    "support": 6
  },
  "6": {
    "precision": 0.0,
    "recall": 0.0,
    "f1": 0.0,
    "support": 6
  }
}