{
  "accuracy": 0.6176470588235294,
  "macro_f1": 0.5593757120072909,
  "cohen_kappa": 0.5083426028921023,
  "weighted_kappa": 0.7661375661375661,
  "precision_c0": 0.8181818181818182,
  "recall_c0": 0.8181818181818182,
  "f1_c0": 0.8181818181818182,
  "support_c0": 11,
  "precision_c1": 0.6666666666666666,
  "recall_c1": 0.6666666666666666,
  "f1_c1": 0.6666666666666666,
  "support_c1": 6,
  "precision_c2": 0.5,
  "recall_c2": 0.2,
  "f1_c2": 0.2857142857142857,
  "support_c2": 5,
  "precision_c3": 0.38461538461538464,
  "recall_c3": 0.8333333333333334,
  "f1_c3": 0.5263157894736842,
  "support_c3": 6,
  "precision_c4": 1.0,
  "recall_c4": 0.3333333333333333,
  "f1_c4": 0.5,
  "support_c4": 6,
  "confusion_matrix": [
    [
      9,
      2,
      0,
      0,
      0
    ],
    [
      2,
      4,
      0,
      0,
      0
    ],
    [
      0,
      0,
      1,
      4,
      0
    ],
    [
      0,
      0,
      1,
      5,
      0
    ],
    [
      0,
      0,
      0,
      4,
      2
    ]
  ],
  "loss": 1.0185896882458645
}