{
  "2": {
    "precision": 0.8181818181818182,
    "recall": 0.8181818181818182,
    "f1": 0.8181818181818182,
    "support": 11
  },
  "3": {
    "precision": 0.6666666666666666,
    "recall": 0.6666666666666666,
    "f1": 0.6666666666666666,
    "support": 6
  },
  "4": {
    "precision": 0.5,
    "recall": 0.2,
    "f1": 0.2857142857142857,
    "support": 5
  },
  "5": {
    "precision": 0.38461538461538464,
    "recall": 0.8333333333333334,
    "f1": 0.5263157894736842,
    "support": 6
  },
  "6": {
    "precision": 1.0,
    "recall": 0.3333333333333333,
    "f1": 0.5,
    "support": 6
  }
}