{
  "accuracy": 0.4117647058823529,
  "macro_f1": 0.26826309067688375,
  "cohen_kappa": 0.22814982973893305,
  "weighted_kappa": 0.5303867403314917,
  "precision_c0": 0.75,
  "recall_c0": 0.5,
  "f1_c0": 0.6,
  "support_c0": 6,
  "precision_c1": 0.47368421052631576,
  "recall_c1": 0.9,
  "f1_c1": 0.6206896551724138,
  "support_c1": 10,
  "precision_c2": 0.0,
  "recall_c2": 0.0,
  "f1_c2": 0.0,
  "support_c2": 3,
  "precision_c3": 0.25,
  "recall_c3": 0.125,
  "f1_c3": 0.16666666666666666,
  "support_c3": 8,
  "precision_c4": 0.25,
  "recall_c4": 0.2,
  "f1_c4": 0.2222222222222222,
  "support_c4": 5,
  "precision_c5": 0.0,
  "recall_c5": 0.0,
  "f1_c5": 0.0,
  "support_c5": 2,
  "confusion_matrix": [
    [
      3,
      3,
      0,
      0,
      0,
      0
    ],
    [
      1,
      9,
      0,
      0,
      0,
      0
    ],
    [
      0,
      3,
      0,
      0,
      0,
      0
    ],
    [
      0,
      3,
      3,
      1,
      1,
      0
    ],
    [
      0,
      1,
      0,
      3,
      1,
      0
    ],
    [
      0,
      0,
      0,
      0,
      2,
      0
    ]
  ],
  "loss": 0.8995652410256512
}