{
  "0": {
    "precision": 0.75,
    "recall": 0.5,
    "f1": 0.6,
    "support": 6
  },
  "1": {
    "precision": 0.47368421052631576,
    "recall": 0.9,
    "f1": 0.6206896551724138,
    "support": 10
  },
  "1+": {
    "precision": 0.0,
    "recall": 0.0,
    "f1": 0.0,
    "support": 3
  },
  "2": {
    "precision": 0.25,
    "recall": 0.125,
    "f1": 0.16666666666666666,
    "support": 8
  },
  "3": {
    "precision": 0.25,
    "recall": 0.2,
    "f1": 0.2222222222222222,
    "support": 5
  },
  "4": {
    "precision": 0.0,
    "recall": 0.0,
    "f1": 0.0,
    "support": 2
  }
}