{
  "accuracy": 0.6060606060606061,
  "macro_f1": 0.41652682430714466,
  "cohen_kappa": 0.48989298454221164,
  "weighted_kappa": 0.6890459363957597,
  "precision_c0": 0.6666666666666666,
  "recall_c0": 0.6666666666666666,
  "f1_c0": 0.6666666666666666,
  "support_c0": 6,
  "precision_c1": 0.6363636363636364,
  "recall_c1": 0.875,
  "f1_c1": 0.7368421052631579,
  "support_c1": 8,
  "precision_c2": 0.0,
  "recall_c2": 0.0,
  "f1_c2": 0.0,
  "support_c2": 5,
  "precision_c3": 0.5333333333333333,
  "recall_c3": 1.0,
  "f1_c3": 0.6956521739130435,
  "support_c3": 8,
  "precision_c4": 1.0,
  "recall_c4": 0.25,
  "f1_c4": 0.4,
  "support_c4": 4,
  "precision_c5": 0.0,
  "recall_c5": 0.0,
  "f1_c5": 0.0,
  "support_c5": 2,
  "confusion_matrix": [
    [
      4,
      2,
      0,
      0,
      0,
      0
    ],
    [
      1,
      7,
      0,
      0,
      0,
      0
    ],
    [
      1,
      2,
      0,
      2,
      0,
      0
    ],
    [
      0,
      0,
      0,
      8,
      0,
      0
    ],
    [
      0,
      0,
      0,
      3,
      1,
      0
    ],
    [
      0,
      0,
      0,
      2,
      0,
      0
    ]
  ],
  "loss": 0.9871525836334742
}