{
  "0": {
    "precision": 0.6666666666666666,
    "recall": 0.6666666666666666,
    "f1": 0.6666666666666666,
    "support": 6
  },
  "1": {
    "precision": 0.6363636363636364,
    "recall": 0.875,
    "f1": 0.7368421052631579,
    "support": 8
  },
  "1+": {
    "precision": 0.0,
    "recall": 0.0,
    "f1": 0.0,
    "support": 5
  },
  "2": {
    "precision": 0.5333333333333333,
    "recall": 1.0,
    "f1": 0.6956521739130435,
    "support": 8
  },
  "3": {
    "precision": 1.0,
    "recall": 0.25,
    "f1": 0.4,
    "support": 4
  },
  "4": {
    "precision": 0.0,
    "recall": 0.0,
    "f1": 0.0,
    "support": 2
  }
}