{
  "accuracy": 0.3939393939393939,
  "macro_f1": 0.1752873563218391,
  "cohen_kappa": 0.19999999999999996,
  "weighted_kappa": 0.46808510638297873,
  "precision_c0": 0.0,
  "recall_c0": 0.0,
  "f1_c0": 0.0,
  "support_c0": 6,
  "precision_c1": 0.38095238095238093,
  "recall_c1": 1.0,
  "f1_c1": 0.5517241379310345,
  "support_c1": 8,
  "precision_c2": 0.0,
  "recall_c2": 0.0,
  "f1_c2": 0.0,
  "support_c2": 5,
  "precision_c3": 0.4166666666666667,
  "recall_c3": 0.625,
  "f1_c3": 0.5,
  "support_c3": 8,
  "precision_c4": 0.0,
  "recall_c4": 0.0,
  "f1_c4": 0.0,
  "support_c4": 4,
  "precision_c5": 0.0,
  "recall_c5": 0.0,
  "f1_c5": 0.0,
  "support_c5": 2,
  "confusion_matrix": [
    [
      0,
      6,
      0,
      0,
      0,
      0
    ],
    [
      0,
      8,
      0,
      0,
      0,
      0
    ],
    [
      0,
      4,
      0,
      1,
      0,
      0
    ],
    [
      0,
      3,
      0,
      5,
      0,
      0
    ],
    [
      0,
      0,
      0,
      4,
      0,
      0
    ],
    [
      0,
      0,
      0,
      2,
      0,
      0
    ]
  ],
  "loss": 1.2118581520788598
}