{
  "accuracy": 0.7575757575757576,
  "macro_f1": 0.6997549019607843,
  "cohen_kappa": 0.6989737742303307,
  "weighted_kappa": 0.8386746333514394,
  "precision_c0": 0.8333333333333334,
  "recall_c0": 0.8333333333333334,
  "f1_c0": 0.8333333333333334,
  "support_c0": 6,
  "precision_c1": 0.875,
  "recall_c1": 0.875,
  "f1_c1": 0.875,
  "support_c1": 8,
  "precision_c2": 0.75,
  "recall_c2": 0.6,
  "f1_c2": 0.6666666666666666,
  "support_c2": 5,
  "precision_c3": 0.7777777777777778,
  "recall_c3": 0.875,
  "f1_c3": 0.8235294117647058,
  "support_c3": 8,
  "precision_c4": 0.5,
  "recall_c4": 0.5,
  "f1_c4": 0.5,
  "support_c4": 4,
  "precision_c5": 0.5,
  "recall_c5": 0.5,
  "f1_c5": 0.5,
  "support_c5": 2,
  "confusion_matrix": [
    [
      5,
      1,
      0,
      0,
      0,
      0
    ],
    [
      0,
      7,
      1,
      0,
      0,
      0
    ],
    [
      1,
      0,
      3,
      1,
      0,
      0
    ],
    [
      0,
      0,
      0,
      7,
      1,
      0
    ],
    [
      0,
      0,
      0,
      1,
      2,
      1
    ],
    [
      0,
      0,
      0,
      0,
      1,
      1
    ]
  ],
  "loss": 0.42511670592457357
}