{
  "0": {
    "precision": 0.8333333333333334,
    "recall": 0.8333333333333334,
    "f1": 0.8333333333333334,
    "support": 6
  },
  "1": {
    "precision": 0.875,
    "recall": 0.875,
    "f1": 0.875,
    "support": 8
  },
  "1+": {
    "precision": 0.75,
    "recall": 0.6,
    "f1": 0.6666666666666666,
    "support": 5
  },
  "2": {
    "precision": 0.7777777777777778,
    "recall": 0.875,
    "f1": 0.8235294117647058,
    "support": 8
  },
  "3": {
    "precision": 0.5,
    "recall": 0.5,
    "f1": 0.5,
    "support": 4
  },
  "4": {
    "precision": 0.5,
    "recall": 0.5,
    "f1": 0.5,
    "support": 2
  }
}