{
  "accuracy": 0.38235294117647056,
  "macro_f1": 0.26660564454614794,
  "cohen_kappa": 0.2171052631578947,
  "weighted_kappa": 0.40546448087431686,
  "precision_c0": 0.75,
  "recall_c0": 0.5454545454545454,
  "f1_c0": 0.631578947368421,
  "support_c0": 11,
  "precision_c1": 0.2222222222222222,
  "recall_c1": 0.3333333333333333,
  "f1_c1": 0.26666666666666666,
  "support_c1": 6,
  "precision_c2": 0.0,
  "recall_c2": 0.0,
  "f1_c2": 0.0,
  "support_c2": 5,
  "precision_c3": 0.29411764705882354,
  "recall_c3": 0.8333333333333334,
  "f1_c3": 0.43478260869565216,
  "support_c3": 6,
  "precision_c4": 0.0,
  "recall_c4": 0.0,
  "f1_c4": 0.0,
  "support_c4": 6,
  "confusion_matrix": [
    [
      6,
      3,
      0,
      2,
      0
    ],
    [
      2,
      2,
      0,
      2,
      0
    ],
    [
      0,
      1,
      0,
      4,
      0
    ],
    [
      0,
      1,
      0,
      5,
      0
    ],
    [
      0,
      2,
      0,
      4,
      0
    ]
  ],
  "loss": 1.4834112353184643
}