{
  "2": {
    "precision": 0.75,
    "recall": 0.5454545454545454,
    "f1": 0.631578947368421,
    "support": 11
  },
  "3": {
    "precision": 0.2222222222222222,
    "recall": 0.3333333333333333,
    "f1": 0.26666666666666666,
    "support": 6
  },
  "4": {
    "precision": 0.0,
    "recall": 0.0,
    "f1": 0.0,
    "support": 5
  },
  "5": {
    "precision": 0.29411764705882354,
    "recall": 0.8333333333333334,
    "f1": 0.43478260869565216,
    "support": 6
  },
  "6": {
    "precision": 0.0,
    "recall": 0.0,
    "f1": 0.0,
    "support": 6
  }
}