{
  "mae": 5.934850250973421,
  "rmse": 9.1356031755322,
  "r2": 0.8916421683269844,
  "pearson_r": 0.9493310218333649,
  "spearman_r": 0.9152704177345705,
  "nmae": 0.059348502509734204,
  "ba_mean_diff": -2.3653979231329525,
  "ba_loa_upper": 14.929771134081776,
  "ba_loa_lower": -19.66056698034768,
  "rounded_acc_5": 0.6176470588235294,
  "tolerance_acc_10": 0.8235294117647058,
  "loss": 5.717890056660947
}