{
  "accuracy": 0.5757575757575758,
  "macro_f1": 0.5546685340802988,
  "cohen_kappa": 0.467741935483871,
  "weighted_kappa": 0.6451612903225806,
  "precision_c0": 0.5454545454545454,
  "recall_c0": 0.8571428571428571,
  "f1_c0": 0.6666666666666666,
  "support_c0": 7,
  "precision_c1": 0.6,
  "recall_c1": 0.3333333333333333,
  "f1_c1": 0.42857142857142855,
  "support_c1": 9,
  "precision_c2": 1.0,
  "recall_c2": 0.6,
  "f1_c2": 0.75,
  "support_c2": 5,
  "precision_c3": 0.5454545454545454,
  "recall_c3": 1.0,
  "f1_c3": 0.7058823529411765,
  "support_c3": 6,
  "precision_c4": 0.3333333333333333,
  "recall_c4": 0.16666666666666666,
  "f1_c4": 0.2222222222222222,
  "support_c4": 6,
  "confusion_matrix": [
    [
      6,
      1,
      0,
      0,
      0
    ],
    [
      5,
      3,
      0,
      0,
      1
    ],
    [
      0,
      0,
      3,
      1,
      1
    ],
    [
      0,
      0,
      0,
      6,
      0
    ],
    [
      0,
      1,
      0,
      4,
      1
    ]
  ],
  "loss": 0.9646986367801825
}