{
  "2": {
    "precision": 0.5454545454545454,
    "recall": 0.8571428571428571,
    "f1": 0.6666666666666666,
    "support": 7
  },
  "3": {
    "precision": 0.6,
    "recall": 0.3333333333333333,
    "f1": 0.42857142857142855,
    "support": 9
  },
  "4": {
    "precision": 1.0,
    "recall": 0.6,
    "f1": 0.75,
    "support": 5
  },
  "5": {
    "precision": 0.5454545454545454,
    "recall": 1.0,
    "f1": 0.7058823529411765,
    "support": 6
  },
  "6": {
    "precision": 0.3333333333333333,
    "recall": 0.16666666666666666,
    "f1": 0.2222222222222222,
    "support": 6
  }
}