{
  "accuracy": 0.17647058823529413,
  "macro_f1": 0.10153846153846154,
  "cohen_kappa": 0.0,
  "weighted_kappa": 0.1220657276995305,
  "precision_c0": 0.0,
  "recall_c0": 0.0,
  "f1_c0": 0.0,
  "support_c0": 11,
  "precision_c1": 0.2,
  "recall_c1": 0.6666666666666666,
  "f1_c1": 0.3076923076923077,
  "support_c1": 6,
  "precision_c2": 0.0,
  "recall_c2": 0.0,
  "f1_c2": 0.0,
  "support_c2": 5,
  "precision_c3": 0.14285714285714285,
  "recall_c3": 0.3333333333333333,
  "f1_c3": 0.2,
  "support_c3": 6,
  "precision_c4": 0.0,
  "recall_c4": 0.0,
  "f1_c4": 0.0,
  "support_c4": 6,
  "confusion_matrix": [
    [
      0,
      8,
      0,
      3,
      0
    ],
    [
      0,
      4,
      0,
      2,
      0
    ],
    [
      0,
      2,
      0,
      3,
      0
    ],
    [
      0,
      4,
      0,
      2,
      0
    ],
    [
      0,
      2,
      0,
      4,
      0
    ]
  ],
  "loss": 1.5737650387427387
}