{
  "2": {
    "precision": 0.0,
    "recall": 0.0,
    "f1": 0.0,
    "support": 11
  },
  "3": {
    "precision": 0.2,
    "recall": 0.6666666666666666,
    "f1": 0.3076923076923077,
    "support": 6
  },
  "4": {
    "precision": 0.0,
    "recall": 0.0,
    "f1": 0.0,
    "support": 5
  },
  "5": {
    "precision": 0.14285714285714285,
    "recall": 0.3333333333333333,
    "f1": 0.2,
    "support": 6
  },
  "6": {
    "precision": 0.0,
    "recall": 0.0,
    "f1": 0.0,
    "support": 6
  }
}