{
  "mae": 8.47563344782049,
  "rmse": 13.611675925684123,
  "r2": 0.7561551882550448,
  "pearson_r": 0.8720355206524536,
  "spearman_r": 0.8421165641999367,
  "nmae": 0.08475633447820491,
  "ba_mean_diff": 1.675917538729581,
  "ba_loa_upper": 28.151812132991882,
  "ba_loa_lower": -24.799977055532718,
  "rounded_acc_5": 0.5151515151515151,
  "tolerance_acc_10": 0.6666666666666666
}