{
  "mae": 11.20843010598963,
  "rmse": 16.978655030437668,
  "r2": 0.537606193732751,
  "pearson_r": 0.7752680053561497,
  "spearman_r": 0.7501476391665531,
  "nmae": 0.1120843010598963,
  "ba_mean_diff": -5.804546511534489,
  "ba_loa_upper": 25.468478322471757,
  "ba_loa_lower": -37.07757134554073,
  "rounded_acc_5": 0.45454545454545453,
  "tolerance_acc_10": 0.696969696969697,
  "loss": 10.665634264187378
}