{
  "mae": 4.149371434660519,
  "rmse": 5.513129561139765,
  "r2": 0.3243566883903626,
  "pearson_r": 0.5992509684431931,
  "spearman_r": 0.6012117733579647,
  "nmae": 0.20746857173302594,
  "ba_mean_diff": -0.9276932197458604,
  "ba_loa_upper": 9.723961511266001,
  "ba_loa_lower": -11.579347950757722,
  "rounded_acc_1": 0.3235294117647059,
  "tolerance_acc_1p5": 0.3235294117647059,
  "loss": 3.8791011911542976
}