{
  "accuracy": 0.30303030303030304,
  "macro_f1": 0.184,
  "cohen_kappa": 0.15478841870824045,
  "weighted_kappa": 0.3848866498740554,
  "precision_c0": 0.0,
  "recall_c0": 0.0,
  "f1_c0": 0.0,
  "support_c0": 8,
  "precision_c1": 0.46153846153846156,
  "recall_c1": 0.8571428571428571,
  "f1_c1": 0.6,
  "support_c1": 7,
  "precision_c2": 0.0,
  "recall_c2": 0.0,
  "f1_c2": 0.0,
  "support_c2": 4,
  "precision_c3": 0.0,
  "recall_c3": 0.0,
  "f1_c3": 0.0,
  "support_c3": 9,
  "precision_c4": 0.2,
  "recall_c4": 0.8,
  "f1_c4": 0.32,
  "support_c4": 5,
  "confusion_matrix": [
    [
      0,
      6,
      0,
      0,
      2
    ],
    [
      0,
      6,
      0,
      0,
      1
    ],
    [
      0,
      0,
      0,
      0,
      4
    ],
    [
      0,
      0,
      0,
      0,
      9
    ],
    [
      0,
      1,
      0,
      0,
      4
    ]
  ],
  "loss": 0.6599513186348809
}