{
  "mae": 28.907189737666737,
  "rmse": 35.687644751772005,
  "r2": -1.0428722701065096,
  "pearson_r": 0.5041510093270353,
  "spearman_r": 0.7739193340475284,
  "nmae": 0.2890718973766674,
  "ba_mean_diff": -28.16538713195107,
  "ba_loa_upper": 14.790326108213819,
  "ba_loa_lower": -71.12110037211596,
  "rounded_acc_5": 0.21212121212121213,
  "tolerance_acc_10": 0.2727272727272727,
  "loss": 28.261426465198248
}