{
  "accuracy": 0.6060606060606061,
  "macro_f1": 0.5732399626517273,
  "cohen_kappa": 0.49765807962529274,
  "weighted_kappa": 0.7255717255717256,
  "precision_c0": 0.5833333333333334,
  "recall_c0": 0.875,
  "f1_c0": 0.7,
  "support_c0": 8,
  "precision_c1": 0.5,
  "recall_c1": 0.14285714285714285,
  "f1_c1": 0.2222222222222222,
  "support_c1": 7,
  "precision_c2": 1.0,
  "recall_c2": 0.5,
  "f1_c2": 0.6666666666666666,
  "support_c2": 4,
  "precision_c3": 0.75,
  "recall_c3": 0.6666666666666666,
  "f1_c3": 0.7058823529411765,
  "support_c3": 9,
  "precision_c4": 0.4444444444444444,
  "recall_c4": 0.8,
  "f1_c4": 0.5714285714285714,
  "support_c4": 5,
  "confusion_matrix": [
    [
      7,
      1,
      0,
      0,
      0
    ],
    [
      5,
      1,
      0,
      0,
      1
    ],
    [
      0,
      0,
      2,
      1,
      1
    ],
    [
      0,
      0,
      0,
      6,
      3
    ],
    [
      0,
      0,
      0,
      1,
      4
    ]
  ],
  "loss": 0.3890472039730862
}