{
  "2": {
    "precision": 0.5833333333333334,
    "recall": 0.875,
    "f1": 0.7,
    "support": 8
  },
  "3": {
    "precision": 0.5,
    "recall": 0.14285714285714285,
    "f1": 0.2222222222222222,
    "support": 7
  },
  "4": {
    "precision": 1.0,
    "recall": 0.5,
    "f1": 0.6666666666666666,
    "support": 4
  },
  "5": {
    "precision": 0.75,
    "recall": 0.6666666666666666,
    "f1": 0.7058823529411765,
    "support": 9
  },
  "6": {
    "precision": 0.4444444444444444,
    "recall": 0.8,
    "f1": 0.5714285714285714,
    "support": 5
  }
}