{
  "mae": 6.751992225646973,
  "rmse": 8.920866154851643,
  "r2": -0.7690297287403054,
  "pearson_r": 0.8723473048297029,
  "spearman_r": 0.9379718775947528,
  "nmae": 0.3375996112823486,
  "ba_mean_diff": 6.2647691614487595,
  "ba_loa_upper": 18.712624125642265,
  "ba_loa_lower": -6.183085802744747,
  "rounded_acc_1": 0.3235294117647059,
  "tolerance_acc_1p5": 0.3235294117647059,
  "loss": 6.28852676153183
}