{
  "0": {
    "precision": 1.0,
    "recall": 0.8333333333333334,
    "f1": 0.9090909090909091,
    "support": 6
  },
  "1": {
    "precision": 0.9090909090909091,
    "recall": 1.0,
    "f1": 0.9523809523809523,
    "support": 10
  },
  "1+": {
    "precision": 1.0,
    "recall": 0.6666666666666666,
    "f1": 0.8,
    "support": 3
  },
  "2": {
    "precision": 0.6666666666666666,
    "recall": 0.75,
    "f1": 0.7058823529411765,
    "support": 8
  },
  "3": {
    "precision": 0.5,
    "recall": 0.6,
    "f1": 0.5454545454545454,
    "support": 5
  },
  "4": {
    "precision": 1.0,
    "recall": 0.5,
    "f1": 0.6666666666666666,
    "support": 2
  }
}