{
  "mae": 26.769771886594366,
  "rmse": 33.379860189929204,
  "r2": -0.7872053908671206,
  "pearson_r": 0.44275670718894444,
  "spearman_r": 0.9100206575562113,
  "nmae": 0.2676977188659437,
  "ba_mean_diff": -23.47055632417852,
  "ba_loa_upper": 23.049953959709196,
  "ba_loa_lower": -69.99106660806623,
  "rounded_acc_5": 0.24242424242424243,
  "tolerance_acc_10": 0.2727272727272727,
  "loss": 26.128035560521212
}