{
  "accuracy": 0.5757575757575758,
  "macro_f1": 0.4336219336219336,
  "cohen_kappa": 0.46403712296983746,
  "weighted_kappa": 0.6896551724137931,
  "precision_c0": 0.0,
  "recall_c0": 0.0,
  "f1_c0": 0.0,
  "support_c0": 6,
  "precision_c1": 0.5384615384615384,
  "recall_c1": 0.7777777777777778,
  "f1_c1": 0.6363636363636364,
  "support_c1": 9,
  "precision_c2": 0.4444444444444444,
  "recall_c2": 0.8,
  "f1_c2": 0.5714285714285714,
  "support_c2": 5,
  "precision_c3": 0.8,
  "recall_c3": 0.5714285714285714,
  "f1_c3": 0.6666666666666666,
  "support_c3": 7,
  "precision_c4": 0.6666666666666666,
  "recall_c4": 0.8,
  "f1_c4": 0.7272727272727273,
  "support_c4": 5,
  "precision_c5": 0.0,
  "recall_c5": 0.0,
  "f1_c5": 0.0,
  "support_c5": 1,
  "confusion_matrix": [
    [
      0,
      5,
      1,
      0,
      0,
      0
    ],
    [
      0,
      7,
      2,
      0,
      0,
      0
    ],
    [
      0,
      1,
      4,
      0,
      0,
      0
    ],
    [
      0,
      0,
      2,
      4,
      1,
      0
    ],
    [
      0,
      0,
      0,
      1,
      4,
      0
    ],
    [
      0,
      0,
      0,
      0,
      1,
      0
    ]
  ],
  "loss": 2.1320186604564597
}