{
  "0": {
    "precision": 0.0,
    "recall": 0.0,
    "f1": 0.0,
    "support": 6
  },
  "1": {
    "precision": 0.5384615384615384,
    "recall": 0.7777777777777778,
    "f1": 0.6363636363636364,
    "support": 9
  },
  "1+": {
    "precision": 0.4444444444444444,
    "recall": 0.8,
    "f1": 0.5714285714285714,
    "support": 5
  },
  "2": {
    "precision": 0.8,
    "recall": 0.5714285714285714,
    "f1": 0.6666666666666666,
    "support": 7
  },
  "3": {
    "precision": 0.6666666666666666,
    "recall": 0.8,
    "f1": 0.7272727272727273,
    "support": 5
  },
  "4": {
    "precision": 0.0,
    "recall": 0.0,
    "f1": 0.0,
    "support": 1
  }
}