{
  "accuracy": 0.6176470588235294,
  "macro_f1": 0.5798983625070582,
  "cohen_kappa": 0.5077951002227172,
  "weighted_kappa": 0.7160751565762005,
  "precision_c0": 0.75,
  "recall_c0": 0.8181818181818182,
  "f1_c0": 0.782608695652174,
  "support_c0": 11,
  "precision_c1": 0.5,
  "recall_c1": 0.3333333333333333,
  "f1_c1": 0.4,
  "support_c1": 6,
  "precision_c2": 0.5,
  "recall_c2": 0.6,
  "f1_c2": 0.5454545454545454,
  "support_c2": 5,
  "precision_c3": 0.5,
  "recall_c3": 0.6666666666666666,
  "f1_c3": 0.5714285714285714,
  "support_c3": 6,
  "precision_c4": 0.75,
  "recall_c4": 0.5,
  "f1_c4": 0.6,
  "support_c4": 6,
  "confusion_matrix": [
    [
      9,
      2,
      0,
      0,
      0
    ],
    [
      2,
      2,
      2,
      0,
      0
    ],
    [
      0,
      0,
      3,
      2,
      0
    ],
    [
      0,
      0,
      1,
      4,
      1
    ],
    [
      1,
      0,
      0,
      2,
      3
    ]
  ]
}