{
  "2": {
    "precision": 0.75,
    "recall": 0.8181818181818182,
    "f1": 0.782608695652174,
    "support": 11
  },
  "3": {
    "precision": 0.5,
    "recall": 0.3333333333333333,
    "f1": 0.4,
    "support": 6
  },
  "4": {
    "precision": 0.5,
    "recall": 0.6,
    "f1": 0.5454545454545454,
    "support": 5
  },
  "5": {
    "precision": 0.5,
    "recall": 0.6666666666666666,
    "f1": 0.5714285714285714,
    "support": 6
  },
  "6": {
    "precision": 0.75,
    "recall": 0.5,
    "f1": 0.6,
    "support": 6
  }
}