{
  "accuracy": 0.48484848484848486,
  "macro_f1": 0.34803921568627455,
  "cohen_kappa": 0.34309133489461363,
  "weighted_kappa": 0.6005763688760808,
  "precision_c0": 0.4,
  "recall_c0": 0.3333333333333333,
  "f1_c0": 0.36363636363636365,
  "support_c0": 6,
  "precision_c1": 0.5,
  "recall_c1": 0.875,
  "f1_c1": 0.6363636363636364,
  "support_c1": 8,
  "precision_c2": 0.0,
  "recall_c2": 0.0,
  "f1_c2": 0.0,
  "support_c2": 5,
  "precision_c3": 0.5555555555555556,
  "recall_c3": 0.625,
  "f1_c3": 0.5882352941176471,
  "support_c3": 8,
  "precision_c4": 0.5,
  "recall_c4": 0.5,
  "f1_c4": 0.5,
  "support_c4": 4,
  "precision_c5": 0.0,
  "recall_c5": 0.0,
  "f1_c5": 0.0,
  "support_c5": 2,
  "confusion_matrix": [
    [
      2,
      4,
      0,
      0,
      0,
      0
    ],
    [
      1,
      7,
      0,
      0,
      0,
      0
    ],
    [
      1,
      3,
      0,
      1,
      0,
      0
    ],
    [
      1,
      0,
      1,
      5,
      1,
      0
    ],
    [
      0,
      0,
      0,
      2,
      2,
      0
    ],
    [
      0,
      0,
      0,
      1,
      1,
      0
    ]
  ],
  "loss": 1.1652746364761808
}