{
  "0": {
    "precision": 0.4,
    "recall": 0.3333333333333333,
    "f1": 0.36363636363636365,
    "support": 6
  },
  "1": {
    "precision": 0.5,
    "recall": 0.875,
    "f1": 0.6363636363636364,
    "support": 8
  },
  "1+": {
    "precision": 0.0,
    "recall": 0.0,
    "f1": 0.0,
    "support": 5
  },
  "2": {
    "precision": 0.5555555555555556,
    "recall": 0.625,
    "f1": 0.5882352941176471,
    "support": 8
  },
  "3": {
    "precision": 0.5,
    "recall": 0.5,
    "f1": 0.5,
    "support": 4
  },
  "4": {
    "precision": 0.0,
    "recall": 0.0,
    "f1": 0.0,
    "support": 2
  }
}