{
  "mae": 7.237527693019194,
  "rmse": 9.959809057641179,
  "r2": 0.8712082995405745,
  "pearson_r": 0.9342951534177761,
  "spearman_r": 0.8885571666581966,
  "nmae": 0.07237527693019194,
  "ba_mean_diff": -0.8009190138648538,
  "ba_loa_upper": 18.657086507777297,
  "ba_loa_lower": -20.258924535507003,
  "rounded_acc_5": 0.5294117647058824,
  "tolerance_acc_10": 0.6764705882352942,
  "loss": 7.104507500634474
}