{
  "mae": 24.051397901592832,
  "rmse": 31.696940185608188,
  "r2": -0.32228477966382574,
  "pearson_r": 0.49105462737519867,
  "spearman_r": 0.8962251081101374,
  "nmae": 0.24051397901592833,
  "ba_mean_diff": 19.216779015280984,
  "ba_loa_upper": 68.62322106973892,
  "ba_loa_lower": -30.18966303917695,
  "rounded_acc_5": 0.3333333333333333,
  "tolerance_acc_10": 0.45454545454545453,
  "loss": 23.678913706962508
}