{
  "mae": 1.3302294568103903,
  "rmse": 3.177300485259499,
  "r2": 0.7755923475133343,
  "pearson_r": 0.8952457287945608,
  "spearman_r": 0.8796166709710427,
  "nmae": 0.06651147284051952,
  "ba_mean_diff": -0.6460945790304857,
  "ba_loa_upper": 5.4513013510045605,
  "ba_loa_lower": -6.7434905090655315,
  "rounded_acc_1": 0.7647058823529411,
  "tolerance_acc_1p5": 0.7647058823529411,
  "loss": 1.0224748391658067
}