{
  "accuracy": 0.3939393939393939,
  "macro_f1": 0.2492063492063492,
  "cohen_kappa": 0.24398625429553256,
  "weighted_kappa": 0.4159292035398231,
  "precision_c0": 0.2727272727272727,
  "recall_c0": 1.0,
  "f1_c0": 0.42857142857142855,
  "support_c0": 6,
  "precision_c1": 0.0,
  "recall_c1": 0.0,
  "f1_c1": 0.0,
  "support_c1": 8,
  "precision_c2": 0.0,
  "recall_c2": 0.0,
  "f1_c2": 0.0,
  "support_c2": 5,
  "precision_c3": 0.6,
  "recall_c3": 0.75,
  "f1_c3": 0.6666666666666666,
  "support_c3": 8,
  "precision_c4": 1.0,
  "recall_c4": 0.25,
  "f1_c4": 0.4,
  "support_c4": 4,
  "precision_c5": 0.0,
  "recall_c5": 0.0,
  "f1_c5": 0.0,
  "support_c5": 2,
  "confusion_matrix": [
    [
      6,
      0,
      0,
      0,
      0,
      0
    ],
    [
      8,
      0,
      0,
      0,
      0,
      0
    ],
    [
      4,
      0,
      0,
      1,
      0,
      0
    ],
    [
      2,
      0,
      0,
      6,
      0,
      0
    ],
    [
      1,
      0,
      0,
      2,
      1,
      0
    ],
    [
      1,
      0,
      0,
      1,
      0,
      0
    ]
  ],
  "loss": 0.7224228081679104
}