{
  "0": {
    "precision": 0.2727272727272727,
    "recall": 1.0,
    "f1": 0.42857142857142855,
    "support": 6
  },
  "1": {
    "precision": 0.0,
    "recall": 0.0,
    "f1": 0.0,
    "support": 8
  },
  "1+": {
    "precision": 0.0,
    "recall": 0.0,
    "f1": 0.0,
    "support": 5
  },
  "2": {
    "precision": 0.6,
    "recall": 0.75,
    "f1": 0.6666666666666666,
    "support": 8
  },
  "3": {
    "precision": 1.0,
    "recall": 0.25,
    "f1": 0.4,
    "support": 4
  },
  "4": {
    "precision": 0.0,
    "recall": 0.0,
    "f1": 0.0,
    "support": 2
  }
}