{
  "mae": 25.4349376114082,
  "rmse": 27.789612911131986,
  "r2": -0.0026534375229707585,
  "pearson_r": NaN,
  "spearman_r": NaN,
  "nmae": 0.254349376114082,
  "ba_mean_diff": 1.429590017825315,
  "ba_loa_upper": 55.82511157427262,
  "ba_loa_lower": -52.965931538621994,
  "rounded_acc_5": 0.029411764705882353,
  "tolerance_acc_10": 0.08823529411764706
}