{
  "mae": 1.2693542874220647,
  "rmse": 3.0852253432480348,
  "r2": 0.7848889310434729,
  "pearson_r": 0.8953567868421425,
  "spearman_r": 0.8783543630585334,
  "nmae": 0.06346771437110324,
  "ba_mean_diff": 0.5519304257450681,
  "ba_loa_upper": 6.501422602425714,
  "ba_loa_lower": -5.397561750935577,
  "rounded_acc_1": 0.9090909090909091,
  "tolerance_acc_1p5": 0.9090909090909091,
  "loss": 0.928486300049105
}