{
  "mae": 6.4337452108209785,
  "rmse": 8.884081720290078,
  "r2": 0.8734009261304903,
  "pearson_r": 0.9386458135425702,
  "spearman_r": 0.9200650356749333,
  "nmae": 0.06433745210820979,
  "ba_mean_diff": 0.25199492772420246,
  "ba_loa_upper": 17.657788867565444,
  "ba_loa_lower": -17.15379901211704,
  "rounded_acc_5": 0.6363636363636364,
  "tolerance_acc_10": 0.7878787878787878,
  "loss": 6.307356316393072
}