{
  "mae": 1.2850742392680223,
  "rmse": 1.6833507456484567,
  "r2": 0.9370101874624308,
  "pearson_r": 0.9714997573726563,
  "spearman_r": 0.9411883063062958,
  "nmae": 0.06425371196340111,
  "ba_mean_diff": -0.1130145805723527,
  "ba_loa_upper": 3.17890880792266,
  "ba_loa_lower": -3.4049379690673653,
  "rounded_acc_1": 0.7352941176470589,
  "tolerance_acc_1p5": 0.7352941176470589
}