{
  "accuracy": 0.696969696969697,
  "macro_f1": 0.6138755980861245,
  "cohen_kappa": 0.6090047393364929,
  "weighted_kappa": 0.7928870292887029,
  "precision_c0": 0.5714285714285714,
  "recall_c0": 1.0,
  "f1_c0": 0.7272727272727273,
  "support_c0": 8,
  "precision_c1": 0.0,
  "recall_c1": 0.0,
  "f1_c1": 0.0,
  "support_c1": 7,
  "precision_c2": 1.0,
  "recall_c2": 0.5,
  "f1_c2": 0.6666666666666666,
  "support_c2": 4,
  "precision_c3": 0.8,
  "recall_c3": 0.8888888888888888,
  "f1_c3": 0.8421052631578947,
  "support_c3": 9,
  "precision_c4": 0.7142857142857143,
  "recall_c4": 1.0,
  "f1_c4": 0.8333333333333334,
  "support_c4": 5,
  "confusion_matrix": [
    [
      8,
      0,
      0,
      0,
      0
    ],
    [
      6,
      0,
      0,
      0,
      1
    ],
    [
      0,
      0,
      2,
      2,
      0
    ],
    [
      0,
      0,
      0,
      8,
      1
    ],
    [
      0,
      0,
      0,
      0,
      5
    ]
  ],
  "loss": 0.49029963249170144
}