{
  "mae": 7.416985555128618,
  "rmse": 8.954992839145547,
  "r2": -0.8122556561762722,
  "pearson_r": 0.441705886018771,
  "spearman_r": 0.43867449875758113,
  "nmae": 0.3708492777564309,
  "ba_mean_diff": -6.020518577460087,
  "ba_loa_upper": 6.972559702366413,
  "ba_loa_lower": -19.013596857286586,
  "rounded_acc_1": 0.21212121212121213,
  "tolerance_acc_1p5": 0.21212121212121213,
  "loss": 6.938035642440346
}