{
  "0": {
    "precision": 1.0,
    "recall": 1.0,
    "f1": 1.0,
    "support": 6
  },
  "1": {
    "precision": 0.9,
    "recall": 1.0,
    "f1": 0.9473684210526315,
    "support": 9
  },
  "1+": {
    "precision": 1.0,
    "recall": 0.8,
    "f1": 0.8888888888888888,
    "support": 5
  },
  "2": {
    "precision": 1.0,
    "recall": 0.42857142857142855,
    "f1": 0.6,
    "support": 7
  },
  "3": {
    "precision": 0.5,
    "recall": 0.8,
    "f1": 0.6153846153846154,
    "support": 5
  },
  "4": {
    "precision": 0.5,
    "recall": 1.0,
    "f1": 0.6666666666666666,
    "support": 1
  }
}