{
  "accuracy": 0.696969696969697,
  "macro_f1": 0.6104118104118104,
  "cohen_kappa": 0.6108490566037736,
  "weighted_kappa": 0.7782945736434108,
  "precision_c0": 0.5714285714285714,
  "recall_c0": 1.0,
  "f1_c0": 0.7272727272727273,
  "support_c0": 8,
  "precision_c1": 0.0,
  "recall_c1": 0.0,
  "f1_c1": 0.0,
  "support_c1": 7,
  "precision_c2": 1.0,
  "recall_c2": 0.5,
  "f1_c2": 0.6666666666666666,
  "support_c2": 4,
  "precision_c3": 0.8888888888888888,
  "recall_c3": 0.8888888888888888,
  "f1_c3": 0.8888888888888888,
  "support_c3": 9,
  "precision_c4": 0.625,
  "recall_c4": 1.0,
  "f1_c4": 0.7692307692307693,
  "support_c4": 5,
  "confusion_matrix": [
    [
      8,
      0,
      0,
      0,
      0
    ],
    [
      6,
      0,
      0,
      0,
      1
    ],
    [
      0,
      0,
      2,
      1,
      1
    ],
    [
      0,
      0,
      0,
      8,
      1
    ],
    [
      0,
      0,
      0,
      0,
      5
    ]
  ],
  "loss": 0.3569764967819657
}