{
  "2": {
    "precision": 0.5714285714285714,
    "recall": 1.0,
    "f1": 0.7272727272727273,
    "support": 8
  },
  "3": {
    "precision": 0.0,
    "recall": 0.0,
    "f1": 0.0,
    "support": 7
  },
  "4": {
    "precision": 1.0,
    "recall": 0.5,
    "f1": 0.6666666666666666,
    "support": 4
  },
  "5": {
    "precision": 0.8888888888888888,
    "recall": 0.8888888888888888,
    "f1": 0.8888888888888888,
    "support": 9
  },
  "6": {
    "precision": 0.625,
    "recall": 1.0,
    "f1": 0.7692307692307693,
    "support": 5
  }
}