{
  "mae": 25.627317955676165,
  "rmse": 27.57063396123203,
  "r2": -0.0004233581319277313,
  "pearson_r": NaN,
  "spearman_r": NaN,
  "nmae": 0.25627317955676165,
  "ba_mean_diff": -0.5671641791044806,
  "ba_loa_upper": 53.4598432086153,
  "ba_loa_lower": -54.59417156682426,
  "rounded_acc_5": 0.030303030303030304,
  "tolerance_acc_10": 0.09090909090909091
}