{
  "accuracy": 0.24242424242424243,
  "macro_f1": 0.08888888888888888,
  "cohen_kappa": -0.026119402985074425,
  "weighted_kappa": -0.05600000000000005,
  "precision_c0": 0.0,
  "recall_c0": 0.0,
  "f1_c0": 0.0,
  "support_c0": 7,
  "precision_c1": 0.2962962962962963,
  "recall_c1": 0.8888888888888888,
  "f1_c1": 0.4444444444444444,
  "support_c1": 9,
  "precision_c2": 0.0,
  "recall_c2": 0.0,
  "f1_c2": 0.0,
  "support_c2": 5,
  "precision_c3": 0.0,
  "recall_c3": 0.0,
  "f1_c3": 0.0,
  "support_c3": 6,
  "precision_c4": 0.0,
  "recall_c4": 0.0,
  "f1_c4": 0.0,
  "support_c4": 6,
  "confusion_matrix": [
    [
      0,
      7,
      0,
      0,
      0
    ],
    [
      1,
      8,
      0,
      0,
      0
    ],
    [
      0,
      5,
      0,
      0,
      0
    ],
    [
      3,
      3,
      0,
      0,
      0
    ],
    [
      2,
      4,
      0,
      0,
      0
    ]
  ],
  "loss": 0.7131036635601159
}