{
  "accuracy": 0.5151515151515151,
  "macro_f1": 0.3457391304347826,
  "cohen_kappa": 0.36308805790108567,
  "weighted_kappa": 0.6076618229854689,
  "precision_c0": 0.0,
  "recall_c0": 0.0,
  "f1_c0": 0.0,
  "support_c0": 8,
  "precision_c1": 0.4375,
  "recall_c1": 1.0,
  "f1_c1": 0.6086956521739131,
  "support_c1": 7,
  "precision_c2": 1.0,
  "recall_c2": 0.25,
  "f1_c2": 0.4,
  "support_c2": 4,
  "precision_c3": 0.5625,
  "recall_c3": 1.0,
  "f1_c3": 0.72,
  "support_c3": 9,
  "precision_c4": 0.0,
  "recall_c4": 0.0,
  "f1_c4": 0.0,
  "support_c4": 5,
  "confusion_matrix": [
    [
      0,
      8,
      0,
      0,
      0
    ],
    [
      0,
      7,
      0,
      0,
      0
    ],
    [
      0,
      0,
      1,
      3,
      0
    ],
    [
      0,
      0,
      0,
      9,
      0
    ],
    [
      0,
      1,
      0,
      4,
      0
    ]
  ],
  "loss": 2.264987820693388
}