{
  "accuracy": 0.45454545454545453,
  "macro_f1": 0.2743288084464555,
  "cohen_kappa": 0.3003533568904594,
  "weighted_kappa": 0.42728904847396776,
  "precision_c0": 0.5714285714285714,
  "recall_c0": 0.6666666666666666,
  "f1_c0": 0.6153846153846154,
  "support_c0": 6,
  "precision_c1": 0.5,
  "recall_c1": 0.4444444444444444,
  "f1_c1": 0.47058823529411764,
  "support_c1": 9,
  "precision_c2": 0.0,
  "recall_c2": 0.0,
  "f1_c2": 0.0,
  "support_c2": 5,
  "precision_c3": 0.3888888888888889,
  "recall_c3": 1.0,
  "f1_c3": 0.56,
  "support_c3": 7,
  "precision_c4": 0.0,
  "recall_c4": 0.0,
  "f1_c4": 0.0,
  "support_c4": 5,
  "precision_c5": 0.0,
  "recall_c5": 0.0,
  "f1_c5": 0.0,
  "support_c5": 1,
  "confusion_matrix": [
    [
      4,
      2,
      0,
      0,
      0,
      0
    ],
    [
      1,
      4,
      0,
      4,
      0,
      0
    ],
    [
      1,
      1,
      0,
      3,
      0,
      0
    ],
    [
      0,
      0,
      0,
      7,
      0,
      0
    ],
    [
      1,
      1,
      0,
      3,
      0,
      0
    ],
    [
      0,
      0,
      0,
      1,
      0,
      0
    ]
  ],
  "loss": 1.481005239125454
}