{
  "0": {
    "precision": 0.5714285714285714,
    "recall": 0.6666666666666666,
    "f1": 0.6153846153846154,
    "support": 6
  },
  "1": {
    "precision": 0.5,
    "recall": 0.4444444444444444,
    "f1": 0.47058823529411764,
    "support": 9
  },
  "1+": {
    "precision": 0.0,
    "recall": 0.0,
    "f1": 0.0,
    "support": 5
  },
  "2": {
    "precision": 0.3888888888888889,
    "recall": 1.0,
    "f1": 0.56,
    "support": 7
  },
  "3": {
    "precision": 0.0,
    "recall": 0.0,
    "f1": 0.0,
    "support": 5
  },
  "4": {
    "precision": 0.0,
    "recall": 0.0,
    "f1": 0.0,
    "support": 1
  }
}