{
  "accuracy": 0.696969696969697,
  "macro_f1": 0.5260942760942761,
  "cohen_kappa": 0.6094674556213018,
  "weighted_kappa": 0.7830245068738793,
  "precision_c0": 0.8,
  "recall_c0": 0.6666666666666666,
  "f1_c0": 0.7272727272727273,
  "support_c0": 6,
  "precision_c1": 0.6923076923076923,
  "recall_c1": 1.0,
  "f1_c1": 0.8181818181818182,
  "support_c1": 9,
  "precision_c2": 1.0,
  "recall_c2": 0.2,
  "f1_c2": 0.3333333333333333,
  "support_c2": 5,
  "precision_c3": 0.6363636363636364,
  "recall_c3": 1.0,
  "f1_c3": 0.7777777777777778,
  "support_c3": 7,
  "precision_c4": 0.6666666666666666,
  "recall_c4": 0.4,
  "f1_c4": 0.5,
  "support_c4": 5,
  "precision_c5": 0.0,
  "recall_c5": 0.0,
  "f1_c5": 0.0,
  "support_c5": 1,
  "confusion_matrix": [
    [
      4,
      2,
      0,
      0,
      0,
      0
    ],
    [
      0,
      9,
      0,
      0,
      0,
      0
    ],
    [
      1,
      2,
      1,
      1,
      0,
      0
    ],
    [
      0,
      0,
      0,
      7,
      0,
      0
    ],
    [
      0,
      0,
      0,
      3,
      2,
      0
    ],
    [
      0,
      0,
      0,
      0,
      1,
      0
    ]
  ],
  "loss": 0.48256076468211234
}