{
  "0": {
    "precision": 0.8,
    "recall": 0.6666666666666666,
    "f1": 0.7272727272727273,
    "support": 6
  },
  "1": {
    "precision": 0.6923076923076923,
    "recall": 1.0,
    "f1": 0.8181818181818182,
    "support": 9
  },
  "1+": {
    "precision": 1.0,
    "recall": 0.2,
    "f1": 0.3333333333333333,
    "support": 5
  },
  "2": {
    "precision": 0.6363636363636364,
    "recall": 1.0,
    "f1": 0.7777777777777778,
    "support": 7
  },
  "3": {
    "precision": 0.6666666666666666,
    "recall": 0.4,
    "f1": 0.5,
    "support": 5
  },
  "4": {
    "precision": 0.0,
    "recall": 0.0,
    "f1": 0.0,
    "support": 1
  }
}