{
  "mae": 3.5419469248568474,
  "rmse": 4.422488274188683,
  "r2": 0.5579999095006778,
  "pearson_r": 0.867967776481278,
  "spearman_r": 0.7997682897516939,
  "nmae": 0.17709734624284237,
  "ba_mean_diff": 0.5326914607518556,
  "ba_loa_upper": 9.13765898101514,
  "ba_loa_lower": -8.072276059511427,
  "rounded_acc_1": 0.2727272727272727,
  "tolerance_acc_1p5": 0.2727272727272727
}