{
  "mae": 6.100431846849846,
  "rmse": 10.733774059684038,
  "r2": 0.8483664798746344,
  "pearson_r": 0.9240139714419391,
  "spearman_r": 0.9153222412549143,
  "nmae": 0.06100431846849846,
  "ba_mean_diff": 1.6683438329985647,
  "ba_loa_upper": 22.450863916591857,
  "ba_loa_lower": -19.114176250594724,
  "rounded_acc_5": 0.696969696969697,
  "tolerance_acc_10": 0.8787878787878788
}