{
  "accuracy": 0.42424242424242425,
  "macro_f1": 0.3548872180451128,
  "cohen_kappa": 0.27177700348432066,
  "weighted_kappa": 0.5433962264150943,
  "precision_c0": 0.0,
  "recall_c0": 0.0,
  "f1_c0": 0.0,
  "support_c0": 8,
  "precision_c1": 0.35714285714285715,
  "recall_c1": 0.7142857142857143,
  "f1_c1": 0.47619047619047616,
  "support_c1": 7,
  "precision_c2": 0.4,
  "recall_c2": 0.5,
  "f1_c2": 0.4444444444444444,
  "support_c2": 4,
  "precision_c3": 0.6,
  "recall_c3": 0.6666666666666666,
  "f1_c3": 0.631578947368421,
  "support_c3": 9,
  "precision_c4": 0.25,
  "recall_c4": 0.2,
  "f1_c4": 0.2222222222222222,
  "support_c4": 5,
  "confusion_matrix": [
    [
      0,
      8,
      0,
      0,
      0
    ],
    [
      0,
      5,
      1,
      0,
      1
    ],
    [
      0,
      1,
      2,
      1,
      0
    ],
    [
      0,
      0,
      1,
      6,
      2
    ],
    [
      0,
      0,
      1,
      3,
      1
    ]
  ],
  "loss": 1.2174492146029616
}