{
  "2": {
    "precision": 0.0,
    "recall": 0.0,
    "f1": 0.0,
    "support": 8
  },
  "3": {
    "precision": 0.35714285714285715,
    "recall": 0.7142857142857143,
    "f1": 0.47619047619047616,
    "support": 7
  },
  "4": {
    "precision": 0.4,
    "recall": 0.5,
    "f1": 0.4444444444444444,
    "support": 4
  },
  "5": {
    "precision": 0.6,
    "recall": 0.6666666666666666,
    "f1": 0.631578947368421,
    "support": 9
  },
  "6": {
    "precision": 0.25,
    "recall": 0.2,
    "f1": 0.2222222222222222,
    "support": 5
  }
}