{
  "mae": 1.5518951054775354,
  "rmse": 1.8859978443566787,
  "r2": 0.9066971820683172,
  "pearson_r": 0.9604498652095519,
  "spearman_r": 0.9559006116773829,
  "nmae": 0.07759475527387677,
  "ba_mean_diff": -0.3128862019741174,
  "ba_loa_upper": 3.3324451277287803,
  "ba_loa_lower": -3.9582175316770147,
  "rounded_acc_1": 0.5454545454545454,
  "tolerance_acc_1p5": 0.5454545454545454,
  "loss": 1.210084092080819
}