{
  "accuracy": 0.3939393939393939,
  "macro_f1": 0.24796380090497738,
  "cohen_kappa": 0.19902912621359226,
  "weighted_kappa": 0.14409221902017266,
  "precision_c0": 0.0,
  "recall_c0": 0.0,
  "f1_c0": 0.0,
  "support_c0": 8,
  "precision_c1": 0.0,
  "recall_c1": 0.0,
  "f1_c1": 0.0,
  "support_c1": 7,
  "precision_c2": 0.0,
  "recall_c2": 0.0,
  "f1_c2": 0.0,
  "support_c2": 4,
  "precision_c3": 0.32,
  "recall_c3": 0.8888888888888888,
  "f1_c3": 0.47058823529411764,
  "support_c3": 9,
  "precision_c4": 0.625,
  "recall_c4": 1.0,
  "f1_c4": 0.7692307692307693,
  "support_c4": 5,
  "confusion_matrix": [
    [
      0,
      0,
      0,
      7,
      1
    ],
    [
      0,
      0,
      0,
      6,
      1
    ],
    [
      0,
      0,
      0,
      4,
      0
    ],
    [
      0,
      0,
      0,
      8,
      1
    ],
    [
      0,
      0,
      0,
      0,
      5
    ]
  ],
  "loss": 4.235886638570869
}