{
  "2": {
    "precision": 0.0,
    "recall": 0.0,
    "f1": 0.0,
    "support": 8
  },
  "3": {
    "precision": 0.0,
    "recall": 0.0,
    "f1": 0.0,
    "support": 7
  },
  "4": {
    "precision": 0.0,
    "recall": 0.0,
    "f1": 0.0,
    "support": 4
  },
  "5": {
    "precision": 0.32,
    "recall": 0.8888888888888888,
    "f1": 0.47058823529411764,
    "support": 9
  },
  "6": {
    "precision": 0.625,
    "recall": 1.0,
    "f1": 0.7692307692307693,
    "support": 5
  }
}