{
  "mae": 5.544917720736879,
  "rmse": 10.163733495049147,
  "r2": 0.8640444766520431,
  "pearson_r": 0.9341637821584471,
  "spearman_r": 0.8914651670011499,
  "nmae": 0.05544917720736879,
  "ba_mean_diff": -0.17869464556376138,
  "ba_loa_upper": 19.739143864622264,
  "ba_loa_lower": -20.09653315574979,
  "rounded_acc_5": 0.7575757575757576,
  "tolerance_acc_10": 0.8484848484848485,
  "loss": 5.273259436369243
}