{
  "mae": 2.1374841169877485,
  "rmse": 3.8247333456198174,
  "r2": 0.6162797657580277,
  "pearson_r": 0.8027524608837782,
  "spearman_r": 0.7980931598197659,
  "nmae": 0.10687420584938742,
  "ba_mean_diff": 0.7281354123895819,
  "ba_loa_upper": 8.087512339402391,
  "ba_loa_lower": -6.631241514623228,
  "rounded_acc_1": 0.5757575757575758,
  "tolerance_acc_1p5": 0.5757575757575758
}