{
  "mae": 1.4866210583484534,
  "rmse": 3.2696276197388716,
  "r2": 0.7584063223946655,
  "pearson_r": 0.8780984068682731,
  "spearman_r": 0.8265780375749228,
  "nmae": 0.07433105291742267,
  "ba_mean_diff": 0.3647990587985877,
  "ba_loa_upper": 6.733256930619039,
  "ba_loa_lower": -6.003658813021863,
  "rounded_acc_1": 0.8181818181818182,
  "tolerance_acc_1p5": 0.8181818181818182,
  "loss": 1.0910618898581075
}