{
  "accuracy": 0.7272727272727273,
  "macro_f1": 0.6815850815850816,
  "cohen_kappa": 0.6514084507042253,
  "weighted_kappa": 0.8121442125237192,
  "precision_c0": 0.0,
  "recall_c0": 0.0,
  "f1_c0": 0.0,
  "support_c0": 7,
  "precision_c1": 0.5333333333333333,
  "recall_c1": 0.8888888888888888,
  "f1_c1": 0.6666666666666666,
  "support_c1": 9,
  "precision_c2": 0.8333333333333334,
  "recall_c2": 1.0,
  "f1_c2": 0.9090909090909091,
  "support_c2": 5,
  "precision_c3": 0.8571428571428571,
  "recall_c3": 1.0,
  "f1_c3": 0.9230769230769231,
  "support_c3": 6,
  "precision_c4": 1.0,
  "recall_c4": 0.8333333333333334,
  "f1_c4": 0.9090909090909091,
  "support_c4": 6,
  "confusion_matrix": [
    [
      0,
      7,
      0,
      0,
      0
    ],
    [
      0,
      8,
      1,
      0,
      0
    ],
    [
      0,
      0,
      5,
      0,
      0
    ],
    [
      0,
      0,
      0,
      6,
      0
    ],
    [
      0,
      0,
      0,
      1,
      5
    ]
  ],
  "loss": 1.853033806674817
}