{
  "2": {
    "precision": 0.0,
    "recall": 0.0,
    "f1": 0.0,
    "support": 7
  },
  "3": {
    "precision": 0.5333333333333333,
    "recall": 0.8888888888888888,
    "f1": 0.6666666666666666,
    "support": 9
  },
  "4": {
    "precision": 0.8333333333333334,
    "recall": 1.0,
    "f1": 0.9090909090909091,
    "support": 5
  },
  "5": {
    "precision": 0.8571428571428571,
    "recall": 1.0,
    "f1": 0.9230769230769231,
    "support": 6
  },
  "6": {
    "precision": 1.0,
    "recall": 0.8333333333333334,
    "f1": 0.9090909090909091,
    "support": 6
  }
}