{
  "mae": 6.340009307598367,
  "rmse": 11.498744438678832,
  "r2": 0.82833304810686,
  "pearson_r": 0.9135975622248803,
  "spearman_r": 0.9132036536425389,
  "nmae": 0.06340009307598367,
  "ba_mean_diff": -2.2056281457052513,
  "ba_loa_upper": 19.913415012100916,
  "ba_loa_lower": -24.32467130351142,
  "rounded_acc_5": 0.5882352941176471,
  "tolerance_acc_10": 0.8529411764705882,
  "loss": 6.247347156330943
}