{
  "mae": 1.4194036324818928,
  "rmse": 2.0687061421915347,
  "r2": 0.9032866145744806,
  "pearson_r": 0.9571016961392453,
  "spearman_r": 0.8989643566976405,
  "nmae": 0.07097018162409464,
  "ba_mean_diff": 0.3936384663437352,
  "ba_loa_upper": 4.374221309937138,
  "ba_loa_lower": -3.5869443772496674,
  "rounded_acc_1": 0.696969696969697,
  "tolerance_acc_1p5": 0.696969696969697,
  "loss": 1.0924441000672451
}