{
  "accuracy": 0.35294117647058826,
  "macro_f1": 0.24206349206349206,
  "cohen_kappa": 0.23906408952187164,
  "weighted_kappa": 0.3755924170616114,
  "precision_c0": 0.0,
  "recall_c0": 0.0,
  "f1_c0": 0.0,
  "support_c0": 6,
  "precision_c1": 0.0,
  "recall_c1": 0.0,
  "f1_c1": 0.0,
  "support_c1": 10,
  "precision_c2": 0.16666666666666666,
  "recall_c2": 1.0,
  "f1_c2": 0.2857142857142857,
  "support_c2": 3,
  "precision_c3": 0.5384615384615384,
  "recall_c3": 0.875,
  "f1_c3": 0.6666666666666666,
  "support_c3": 8,
  "precision_c4": 0.6666666666666666,
  "recall_c4": 0.4,
  "f1_c4": 0.5,
  "support_c4": 5,
  "precision_c5": 0.0,
  "recall_c5": 0.0,
  "f1_c5": 0.0,
  "support_c5": 2,
  "confusion_matrix": [
    [
      0,
      0,
      4,
      2,
      0,
      0
    ],
    [
      0,
      0,
      10,
      0,
      0,
      0
    ],
    [
      0,
      0,
      3,
      0,
      0,
      0
    ],
    [
      0,
      0,
      1,
      7,
      0,
      0
    ],
    [
      0,
      0,
      0,
      3,
      2,
      0
    ],
    [
      0,
      0,
      0,
      1,
      1,
      0
    ]
  ],
  "loss": 0.8740256372620078
}