{
  "0": {
    "precision": 0.0,
    "recall": 0.0,
    "f1": 0.0,
    "support": 6
  },
  "1": {
    "precision": 0.0,
    "recall": 0.0,
    "f1": 0.0,
    "support": 10
  },
  "1+": {
    "precision": 0.16666666666666666,
    "recall": 1.0,
    "f1": 0.2857142857142857,
    "support": 3
  },
  "2": {
    "precision": 0.5384615384615384,
    "recall": 0.875,
    "f1": 0.6666666666666666,
    "support": 8
  },
  "3": {
    "precision": 0.6666666666666666,
    "recall": 0.4,
    "f1": 0.5,
    "support": 5
  },
  "4": {
    "precision": 0.0,
    "recall": 0.0,
    "f1": 0.0,
    "support": 2
  }
}