{
  "mae": 1.4711212603484882,
  "rmse": 1.9678540990629536,
  "r2": 0.913919084743291,
  "pearson_r": 0.9585933055822691,
  "spearman_r": 0.9160695297018642,
  "nmae": 0.07355606301742441,
  "ba_mean_diff": 0.27754046461161447,
  "ba_loa_upper": 4.095981178982986,
  "ba_loa_lower": -3.540900249759757,
  "rounded_acc_1": 0.6470588235294118,
  "tolerance_acc_1p5": 0.6470588235294118,
  "loss": 1.129974238486851
}