{
  "mae": 24.89067135435162,
  "rmse": 31.88493463541221,
  "r2": -0.33801622681856913,
  "pearson_r": 0.7512474410589431,
  "spearman_r": 0.7739364484988477,
  "nmae": 0.2489067135435162,
  "ba_mean_diff": 18.89347723758582,
  "ba_loa_upper": 69.23479330397697,
  "ba_loa_lower": -31.447838828805338,
  "rounded_acc_5": 0.30303030303030304,
  "tolerance_acc_10": 0.3939393939393939,
  "loss": 24.322168593936496
}