{
  "mae": 6.798361373670174,
  "rmse": 8.632527920132896,
  "r2": -0.9547371182158868,
  "pearson_r": 0.7330034024187906,
  "spearman_r": 0.7231304276408554,
  "nmae": 0.3399180686835087,
  "ba_mean_diff": 6.348476843400435,
  "ba_loa_upper": 17.81361911208239,
  "ba_loa_lower": -5.1166654252815205,
  "rounded_acc_1": 0.2727272727272727,
  "tolerance_acc_1p5": 0.2727272727272727,
  "loss": 6.324014750579513
}