{
  "mae": 1.6317322043811573,
  "rmse": 1.9574269998710896,
  "r2": 0.914828904477407,
  "pearson_r": 0.974488882651347,
  "spearman_r": 0.9721272872459008,
  "nmae": 0.08158661021905786,
  "ba_mean_diff": -1.24414159971125,
  "ba_loa_upper": 1.7177498952361612,
  "ba_loa_lower": -4.206033094658661,
  "rounded_acc_1": 0.6176470588235294,
  "tolerance_acc_1p5": 0.6176470588235294,
  "loss": 1.2048565737903119
}