{
  "mae": 2.981048054554883,
  "rmse": 3.923729347049247,
  "r2": 0.6577691389284823,
  "pearson_r": 0.8978756822196561,
  "spearman_r": 0.862002894693545,
  "nmae": 0.14905240272774417,
  "ba_mean_diff": -2.122813873431262,
  "ba_loa_upper": 4.344982178719981,
  "ba_loa_lower": -8.590609925582505,
  "rounded_acc_1": 0.14705882352941177,
  "tolerance_acc_1p5": 0.14705882352941177,
  "loss": 2.497133098956307
}