{
  "mae": 5.081896641675164,
  "rmse": 6.411420494742073,
  "r2": 0.08624533591606665,
  "pearson_r": 0.9196037241711283,
  "spearman_r": 0.91469106025406,
  "nmae": 0.2540948320837582,
  "ba_mean_diff": 4.579428532544305,
  "ba_loa_upper": 13.374380550951084,
  "ba_loa_lower": -4.215523485862476,
  "rounded_acc_1": 0.29411764705882354,
  "tolerance_acc_1p5": 0.29411764705882354,
  "loss": 4.655333772827597
}