{
  "accuracy": 0.4411764705882353,
  "macro_f1": 0.2619047619047619,
  "cohen_kappa": 0.2625570776255708,
  "weighted_kappa": 0.40740740740740733,
  "precision_c0": 0.5,
  "recall_c0": 0.6666666666666666,
  "f1_c0": 0.5714285714285714,
  "support_c0": 6,
  "precision_c1": 0.5,
  "recall_c1": 0.6,
  "f1_c1": 0.5454545454545454,
  "support_c1": 10,
  "precision_c2": 0.0,
  "recall_c2": 0.0,
  "f1_c2": 0.0,
  "support_c2": 3,
  "precision_c3": 0.35714285714285715,
  "recall_c3": 0.625,
  "f1_c3": 0.45454545454545453,
  "support_c3": 8,
  "precision_c4": 0.0,
  "recall_c4": 0.0,
  "f1_c4": 0.0,
  "support_c4": 5,
  "precision_c5": 0.0,
  "recall_c5": 0.0,
  "f1_c5": 0.0,
  "support_c5": 2,
  "confusion_matrix": [
    [
      4,
      2,
      0,
      0,
      0,
      0
    ],
    [
      2,
      6,
      0,
      2,
      0,
      0
    ],
    [
      1,
      0,
      0,
      2,
      0,
      0
    ],
    [
      1,
      2,
      0,
      5,
      0,
      0
    ],
    [
      0,
      1,
      0,
      4,
      0,
      0
    ],
    [
      0,
      1,
      0,
      1,
      0,
      0
    ]
  ],
  "loss": 1.4554882359855315
}