{
  "0": {
    "precision": 0.5,
    "recall": 0.6666666666666666,
    "f1": 0.5714285714285714,
    "support": 6
  },
  "1": {
    "precision": 0.5,
    "recall": 0.6,
    "f1": 0.5454545454545454,
    "support": 10
  },
  "1+": {
    "precision": 0.0,
    "recall": 0.0,
    "f1": 0.0,
    "support": 3
  },
  "2": {
    "precision": 0.35714285714285715,
    "recall": 0.625,
    "f1": 0.45454545454545453,
    "support": 8
  },
  "3": {
    "precision": 0.0,
    "recall": 0.0,
    "f1": 0.0,
    "support": 5
  },
  "4": {
    "precision": 0.0,
    "recall": 0.0,
    "f1": 0.0,
    "support": 2
  }
}