{
  "mae": 1.2600640780997998,
  "rmse": 1.5485517288029935,
  "r2": 0.9370980931344048,
  "pearson_r": 0.9750333416631007,
  "spearman_r": 0.9584161396028499,
  "nmae": 0.06300320390499,
  "ba_mean_diff": -0.6152682412754406,
  "ba_loa_upper": 2.170041029246256,
  "ba_loa_lower": -3.400577511797137,
  "rounded_acc_1": 0.696969696969697,
  "tolerance_acc_1p5": 0.696969696969697,
  "loss": 0.8539033645632291
}