{
  "accuracy": 0.7878787878787878,
  "macro_f1": 0.7244343891402715,
  "cohen_kappa": 0.7372013651877134,
  "weighted_kappa": 0.8582169709989258,
  "precision_c0": 0.8571428571428571,
  "recall_c0": 1.0,
  "f1_c0": 0.9230769230769231,
  "support_c0": 6,
  "precision_c1": 1.0,
  "recall_c1": 0.875,
  "f1_c1": 0.9333333333333333,
  "support_c1": 8,
  "precision_c2": 0.75,
  "recall_c2": 0.6,
  "f1_c2": 0.6666666666666666,
  "support_c2": 5,
  "precision_c3": 0.7777777777777778,
  "recall_c3": 0.875,
  "f1_c3": 0.8235294117647058,
  "support_c3": 8,
  "precision_c4": 0.5,
  "recall_c4": 0.5,
  "f1_c4": 0.5,
  "support_c4": 4,
  "precision_c5": 0.5,
  "recall_c5": 0.5,
  "f1_c5": 0.5,
  "support_c5": 2,
  "confusion_matrix": [
    [
      6,
      0,
      0,
      0,
      0,
      0
    ],
    [
      0,
      7,
      1,
      0,
      0,
      0
    ],
    [
      1,
      0,
      3,
      1,
      0,
      0
    ],
    [
      0,
      0,
      0,
      7,
      1,
      0
    ],
    [
      0,
      0,
      0,
      1,
      2,
      1
    ],
    [
      0,
      0,
      0,
      0,
      1,
      1
    ]
  ],
  "loss": 0.743694555471743
}