{
  "accuracy": 0.2727272727272727,
  "macro_f1": 0.121989121989122,
  "cohen_kappa": 0.06049822064056931,
  "weighted_kappa": 0.020942408376963373,
  "precision_c0": 0.2857142857142857,
  "recall_c0": 0.3333333333333333,
  "f1_c0": 0.3076923076923077,
  "support_c0": 6,
  "precision_c1": 0.28,
  "recall_c1": 0.875,
  "f1_c1": 0.42424242424242425,
  "support_c1": 8,
  "precision_c2": 0.0,
  "recall_c2": 0.0,
  "f1_c2": 0.0,
  "support_c2": 5,
  "precision_c3": 0.0,
  "recall_c3": 0.0,
  "f1_c3": 0.0,
  "support_c3": 8,
  "precision_c4": 0.0,
  "recall_c4": 0.0,
  "f1_c4": 0.0,
  "support_c4": 4,
  "precision_c5": 0.0,
  "recall_c5": 0.0,
  "f1_c5": 0.0,
  "support_c5": 2,
  "confusion_matrix": [
    [
      2,
      4,
      0,
      0,
      0,
      0
    ],
    [
      1,
      7,
      0,
      0,
      0,
      0
    ],
    [
      1,
      3,
      0,
      0,
      1,
      0
    ],
    [
      2,
      6,
      0,
      0,
      0,
      0
    ],
    [
      0,
      4,
      0,
      0,
      0,
      0
    ],
    [
      1,
      1,
      0,
      0,
      0,
      0
    ]
  ],
  "loss": 0.7399608981729758
}