{
  "0": {
    "precision": 0.2857142857142857,
    "recall": 0.3333333333333333,
    "f1": 0.3076923076923077,
    "support": 6
  },
  "1": {
    "precision": 0.28,
    "recall": 0.875,
    "f1": 0.42424242424242425,
    "support": 8
  },
  "1+": {
    "precision": 0.0,
    "recall": 0.0,
    "f1": 0.0,
    "support": 5
  },
  "2": {
    "precision": 0.0,
    "recall": 0.0,
    "f1": 0.0,
    "support": 8
  },
  "3": {
    "precision": 0.0,
    "recall": 0.0,
    "f1": 0.0,
    "support": 4
  },
  "4": {
    "precision": 0.0,
    "recall": 0.0,
    "f1": 0.0,
    "support": 2
  }
}