{
  "mae": 1.616805704200969,
  "rmse": 2.100077557437892,
  "r2": 0.9019626074181606,
  "pearson_r": 0.9662379818073052,
  "spearman_r": 0.9232682034848416,
  "nmae": 0.08084028521004845,
  "ba_mean_diff": 0.19707288110957427,
  "ba_loa_upper": 4.29506121731785,
  "ba_loa_lower": -3.900915455098702,
  "rounded_acc_1": 0.5882352941176471,
  "tolerance_acc_1p5": 0.5882352941176471,
  "loss": 1.2549453962922972
}