{
  "accuracy": 0.5,
  "macro_f1": 0.28269878269878274,
  "cohen_kappa": 0.33639494833524686,
  "weighted_kappa": 0.5681293302540416,
  "precision_c0": 0.6666666666666666,
  "recall_c0": 0.3333333333333333,
  "f1_c0": 0.4444444444444444,
  "support_c0": 6,
  "precision_c1": 0.5833333333333334,
  "recall_c1": 0.7,
  "f1_c1": 0.6363636363636364,
  "support_c1": 10,
  "precision_c2": 0.0,
  "recall_c2": 0.0,
  "f1_c2": 0.0,
  "support_c2": 3,
  "precision_c3": 0.4444444444444444,
  "recall_c3": 1.0,
  "f1_c3": 0.6153846153846154,
  "support_c3": 8,
  "precision_c4": 0.0,
  "recall_c4": 0.0,
  "f1_c4": 0.0,
  "support_c4": 5,
  "precision_c5": 0.0,
  "recall_c5": 0.0,
  "f1_c5": 0.0,
  "support_c5": 2,
  "confusion_matrix": [
    [
      2,
      3,
      0,
      1,
      0,
      0
    ],
    [
      1,
      7,
      1,
      1,
      0,
      0
    ],
    [
      0,
      2,
      0,
      1,
      0,
      0
    ],
    [
      0,
      0,
      0,
      8,
      0,
      0
    ],
    [
      0,
      0,
      0,
      5,
      0,
      0
    ],
    [
      0,
      0,
      0,
      2,
      0,
      0
    ]
  ],
  "loss": 1.669519607229706
}