{
  "accuracy": 0.42424242424242425,
  "macro_f1": 0.25885668276972623,
  "cohen_kappa": 0.2562277580071175,
  "weighted_kappa": 0.42933810375670833,
  "precision_c0": 0.6666666666666666,
  "recall_c0": 0.3333333333333333,
  "f1_c0": 0.4444444444444444,
  "support_c0": 6,
  "precision_c1": 0.4666666666666667,
  "recall_c1": 0.875,
  "f1_c1": 0.6086956521739131,
  "support_c1": 8,
  "precision_c2": 0.0,
  "recall_c2": 0.0,
  "f1_c2": 0.0,
  "support_c2": 5,
  "precision_c3": 0.4166666666666667,
  "recall_c3": 0.625,
  "f1_c3": 0.5,
  "support_c3": 8,
  "precision_c4": 0.0,
  "recall_c4": 0.0,
  "f1_c4": 0.0,
  "support_c4": 4,
  "precision_c5": 0.0,
  "recall_c5": 0.0,
  "f1_c5": 0.0,
  "support_c5": 2,
  "confusion_matrix": [
    [
      2,
      3,
      0,
      0,
      1,
      0
    ],
    [
      1,
      7,
      0,
      0,
      0,
      0
    ],
    [
      0,
      2,
      0,
      2,
      1,
      0
    ],
    [
      0,
      2,
      0,
      5,
      1,
      0
    ],
    [
      0,
      1,
      0,
      3,
      0,
      0
    ],
    [
      0,
      0,
      0,
      2,
      0,
      0
    ]
  ],
  "loss": 0.7352705764650095
}