{
  "0": {
    "precision": 0.6666666666666666,
    "recall": 0.3333333333333333,
    "f1": 0.4444444444444444,
    "support": 6
  },
  "1": {
    "precision": 0.4666666666666667,
    "recall": 0.875,
    "f1": 0.6086956521739131,
    "support": 8
  },
  "1+": {
    "precision": 0.0,
    "recall": 0.0,
    "f1": 0.0,
    "support": 5
  },
  "2": {
    "precision": 0.4166666666666667,
    "recall": 0.625,
    "f1": 0.5,
    "support": 8
  },
  "3": {
    "precision": 0.0,
    "recall": 0.0,
    "f1": 0.0,
    "support": 4
  },
  "4": {
    "precision": 0.0,
    "recall": 0.0,
    "f1": 0.0,
    "support": 2
  }
}