{
  "accuracy": 0.30303030303030304,
  "macro_f1": 0.16421052631578947,
  "cohen_kappa": 0.09427207637231494,
  "weighted_kappa": 0.04059243006033997,
  "precision_c0": 0.2608695652173913,
  "recall_c0": 0.8571428571428571,
  "f1_c0": 0.4,
  "support_c0": 7,
  "precision_c1": 0.4,
  "recall_c1": 0.4444444444444444,
  "f1_c1": 0.42105263157894735,
  "support_c1": 9,
  "precision_c2": 0.0,
  "recall_c2": 0.0,
  "f1_c2": 0.0,
  "support_c2": 5,
  "precision_c3": 0.0,
  "recall_c3": 0.0,
  "f1_c3": 0.0,
  "support_c3": 6,
  "precision_c4": 0.0,
  "recall_c4": 0.0,
  "f1_c4": 0.0,
  "support_c4": 6,
  "confusion_matrix": [
    [
      6,
      1,
      0,
      0,
      0
    ],
    [
      5,
      4,
      0,
      0,
      0
    ],
    [
      2,
      3,
      0,
      0,
      0
    ],
    [
      4,
      2,
      0,
      0,
      0
    ],
    [
      6,
      0,
      0,
      0,
      0
    ]
  ],
  "loss": 0.6985418239025154
}