{
  "2": {
    "precision": 0.2608695652173913,
    "recall": 0.8571428571428571,
    "f1": 0.4,
    "support": 7
  },
  "3": {
    "precision": 0.4,
    "recall": 0.4444444444444444,
    "f1": 0.42105263157894735,
    "support": 9
  },
  "4": {
    "precision": 0.0,
    "recall": 0.0,
    "f1": 0.0,
    "support": 5
  },
  "5": {
    "precision": 0.0,
    "recall": 0.0,
    "f1": 0.0,
    "support": 6
  },
  "6": {
    "precision": 0.0,
    "recall": 0.0,
    "f1": 0.0,
    "support": 6
  }
}