{
  "mae": 1.9213403896851973,
  "rmse": 3.5697904381047714,
  "r2": 0.6657296775293657,
  "pearson_r": 0.8366635042985563,
  "spearman_r": 0.779981358756405,
  "nmae": 0.09606701948425986,
  "ba_mean_diff": 0.8744127064040212,
  "ba_loa_upper": 7.658053459187221,
  "ba_loa_lower": -5.909228046379179,
  "rounded_acc_1": 0.6363636363636364,
  "tolerance_acc_1p5": 0.6363636363636364,
  "loss": 1.5463871293296718
}