{
  "mae": 1.5158594583763796,
  "rmse": 1.7717716176297937,
  "r2": 0.9302191002079744,
  "pearson_r": 0.9659252814147485,
  "spearman_r": 0.9364402448749704,
  "nmae": 0.07579297291881898,
  "ba_mean_diff": -0.08258485618759603,
  "ba_loa_upper": 3.3863130506796084,
  "ba_loa_lower": -3.5514827630548007,
  "rounded_acc_1": 0.5588235294117647,
  "tolerance_acc_1p5": 0.5588235294117647,
  "loss": 1.0671296447077219
}