{
  "mae": 24.13394857855404,
  "rmse": 30.08244433124133,
  "r2": -0.1749302777883226,
  "pearson_r": 0.7177063782232698,
  "spearman_r": 0.7082739381251764,
  "nmae": 0.2413394857855404,
  "ba_mean_diff": -15.924943783703972,
  "ba_loa_upper": 34.09729836436249,
  "ba_loa_lower": -65.94718593177043,
  "rounded_acc_5": 0.23529411764705882,
  "tolerance_acc_10": 0.2647058823529412,
  "loss": 23.69974061344184
}