{
  "mae": 17.27694137168653,
  "rmse": 22.05095599281574,
  "r2": 0.3600512967015961,
  "pearson_r": 0.6273601480510315,
  "spearman_r": 0.7077665573393143,
  "nmae": 0.1727694137168653,
  "ba_mean_diff": -4.726372877756755,
  "ba_loa_upper": 37.48904514251867,
  "ba_loa_lower": -46.941790898032174,
  "rounded_acc_5": 0.2727272727272727,
  "tolerance_acc_10": 0.3333333333333333,
  "loss": 18.686586749802032
}