{
  "mae": 7.606948823639841,
  "rmse": 9.750628045789567,
  "r2": 0.8474997278114094,
  "pearson_r": 0.9392640642486925,
  "spearman_r": 0.9301094137936552,
  "nmae": 0.0760694882363984,
  "ba_mean_diff": -0.5588453032753684,
  "ba_loa_upper": 18.52097090353931,
  "ba_loa_lower": -19.63866151009005,
  "rounded_acc_5": 0.45454545454545453,
  "tolerance_acc_10": 0.7272727272727273,
  "loss": 7.3435004229497425
}