{
  "accuracy": 0.3333333333333333,
  "macro_f1": 0.1890909090909091,
  "cohen_kappa": 0.1674311926605504,
  "weighted_kappa": 0.2752562225475841,
  "precision_c0": 0.0,
  "recall_c0": 0.0,
  "f1_c0": 0.0,
  "support_c0": 7,
  "precision_c1": 0.46153846153846156,
  "recall_c1": 0.6666666666666666,
  "f1_c1": 0.5454545454545454,
  "support_c1": 9,
  "precision_c2": 0.25,
  "recall_c2": 1.0,
  "f1_c2": 0.4,
  "support_c2": 5,
  "precision_c3": 0.0,
  "recall_c3": 0.0,
  "f1_c3": 0.0,
  "support_c3": 6,
  "precision_c4": 0.0,
  "recall_c4": 0.0,
  "f1_c4": 0.0,
  "support_c4": 6,
  "confusion_matrix": [
    [
      0,
      6,
      1,
      0,
      0
    ],
    [
      0,
      6,
      3,
      0,
      0
    ],
    [
      0,
      0,
      5,
      0,
      0
    ],
    [
      0,
      0,
      6,
      0,
      0
    ],
    [
      0,
      1,
      5,
      0,
      0
    ]
  ],
  "loss": 0.6925997767785583
}