{
  "2": {
    "precision": 0.0,
    "recall": 0.0,
    "f1": 0.0,
    "support": 7
  },
  "3": {
    "precision": 0.46153846153846156,
    "recall": 0.6666666666666666,
    "f1": 0.5454545454545454,
    "support": 9
  },
  "4": {
    "precision": 0.25,
    "recall": 1.0,
    "f1": 0.4,
    "support": 5
  },
  "5": {
    "precision": 0.0,
    "recall": 0.0,
    "f1": 0.0,
    "support": 6
  },
  "6": {
    "precision": 0.0,
    "recall": 0.0,
    "f1": 0.0,
    "support": 6
  }
}