{
  "0": {
    "precision": 0.0,
    "recall": 0.0,
    "f1": 0.0,
    "support": 6
  },
  "1": {
    "precision": 0.5263157894736842,
    "recall": 1.0,
    "f1": 0.6896551724137931,
    "support": 10
  },
  "1+": {
    "precision": 0.0,
    "recall": 0.0,
    "f1": 0.0,
    "support": 3
  },
  "2": {
    "precision": 0.4666666666666667,
    "recall": 0.875,
    "f1": 0.6086956521739131,
    "support": 8
  },
  "3": {
    "precision": 0.0,
    "recall": 0.0,
    "f1": 0.0,
    "support": 5
  },
  "4": {
    "precision": 0.0,
    "recall": 0.0,
    "f1": 0.0,
    "support": 2
  }
}