{
  "accuracy": 0.696969696969697,
  "macro_f1": 0.6388278388278389,
  "cohen_kappa": 0.625,
  "weighted_kappa": 0.8309426229508197,
  "precision_c0": 1.0,
  "recall_c0": 1.0,
  "f1_c0": 1.0,
  "support_c0": 6,
  "precision_c1": 0.8181818181818182,
  "recall_c1": 1.0,
  "f1_c1": 0.9,
  "support_c1": 9,
  "precision_c2": 1.0,
  "recall_c2": 0.4,
  "f1_c2": 0.5714285714285714,
  "support_c2": 5,
  "precision_c3": 0.6666666666666666,
  "recall_c3": 0.2857142857142857,
  "f1_c3": 0.4,
  "support_c3": 7,
  "precision_c4": 0.375,
  "recall_c4": 0.6,
  "f1_c4": 0.46153846153846156,
  "support_c4": 5,
  "precision_c5": 0.3333333333333333,
  "recall_c5": 1.0,
  "f1_c5": 0.5,
  "support_c5": 1,
  "confusion_matrix": [
    [
      6,
      0,
      0,
      0,
      0,
      0
    ],
    [
      0,
      9,
      0,
      0,
      0,
      0
    ],
    [
      0,
      2,
      2,
      1,
      0,
      0
    ],
    [
      0,
      0,
      0,
      2,
      5,
      0
    ],
    [
      0,
      0,
      0,
      0,
      3,
      2
    ],
    [
      0,
      0,
      0,
      0,
      0,
      1
    ]
  ],
  "loss": 0.5781681164823981
}