{
  "0": {
    "precision": 1.0,
    "recall": 1.0,
    "f1": 1.0,
    "support": 6
  },
  "1": {
    "precision": 0.8181818181818182,
    "recall": 1.0,
    "f1": 0.9,
    "support": 9
  },
  "1+": {
    "precision": 1.0,
    "recall": 0.4,
    "f1": 0.5714285714285714,
    "support": 5
  },
  "2": {
    "precision": 0.6666666666666666,
    "recall": 0.2857142857142857,
    "f1": 0.4,
    "support": 7
  },
  "3": {
    "precision": 0.375,
    "recall": 0.6,
    "f1": 0.46153846153846156,
    "support": 5
  },
  "4": {
    "precision": 0.3333333333333333,
    "recall": 1.0,
    "f1": 0.5,
    "support": 1
  }
}