{
  "accuracy": 0.6060606060606061,
  "macro_f1": 0.41003267973856206,
  "cohen_kappa": 0.4880668257756563,
  "weighted_kappa": 0.6965052115266708,
  "precision_c0": 0.5,
  "recall_c0": 0.16666666666666666,
  "f1_c0": 0.25,
  "support_c0": 6,
  "precision_c1": 0.5625,
  "recall_c1": 1.0,
  "f1_c1": 0.72,
  "support_c1": 9,
  "precision_c2": 0.0,
  "recall_c2": 0.0,
  "f1_c2": 0.0,
  "support_c2": 5,
  "precision_c3": 0.7,
  "recall_c3": 1.0,
  "f1_c3": 0.8235294117647058,
  "support_c3": 7,
  "precision_c4": 0.75,
  "recall_c4": 0.6,
  "f1_c4": 0.6666666666666666,
  "support_c4": 5,
  "precision_c5": 0.0,
  "recall_c5": 0.0,
  "f1_c5": 0.0,
  "support_c5": 1,
  "confusion_matrix": [
    [
      1,
      4,
      1,
      0,
      0,
      0
    ],
    [
      0,
      9,
      0,
      0,
      0,
      0
    ],
    [
      1,
      3,
      0,
      1,
      0,
      0
    ],
    [
      0,
      0,
      0,
      7,
      0,
      0
    ],
    [
      0,
      0,
      0,
      2,
      3,
      0
    ],
    [
      0,
      0,
      0,
      0,
      1,
      0
    ]
  ]
}