{
  "0": {
    "precision": 0.5,
    "recall": 0.16666666666666666,
    "f1": 0.25,
    "support": 6
  },
  "1": {
    "precision": 0.5625,
    "recall": 1.0,
    "f1": 0.72,
    "support": 9
  },
  "1+": {
    "precision": 0.0,
    "recall": 0.0,
    "f1": 0.0,
    "support": 5
  },
  "2": {
    "precision": 0.7,
    "recall": 1.0,
    "f1": 0.8235294117647058,
    "support": 7
  },
  "3": {
    "precision": 0.75,
    "recall": 0.6,
    "f1": 0.6666666666666666,
    "support": 5
  },
  "4": {
    "precision": 0.0,
    "recall": 0.0,
    "f1": 0.0,
    "support": 1
  }
}