{
  "accuracy": 0.47058823529411764,
  "macro_f1": 0.32171337434495334,
  "cohen_kappa": 0.3162011173184358,
  "weighted_kappa": 0.6050686378035903,
  "precision_c0": 0.4,
  "recall_c0": 0.3333333333333333,
  "f1_c0": 0.36363636363636365,
  "support_c0": 6,
  "precision_c1": 0.5454545454545454,
  "recall_c1": 0.6,
  "f1_c1": 0.5714285714285714,
  "support_c1": 10,
  "precision_c2": 0.0,
  "recall_c2": 0.0,
  "f1_c2": 0.0,
  "support_c2": 3,
  "precision_c3": 0.5454545454545454,
  "recall_c3": 0.75,
  "f1_c3": 0.631578947368421,
  "support_c3": 8,
  "precision_c4": 0.3333333333333333,
  "recall_c4": 0.4,
  "f1_c4": 0.36363636363636365,
  "support_c4": 5,
  "precision_c5": 0.0,
  "recall_c5": 0.0,
  "f1_c5": 0.0,
  "support_c5": 2,
  "confusion_matrix": [
    [
      2,
      2,
      1,
      1,
      0,
      0
    ],
    [
      3,
      6,
      0,
      1,
      0,
      0
    ],
    [
      0,
      3,
      0,
      0,
      0,
      0
    ],
    [
      0,
      0,
      0,
      6,
      2,
      0
    ],
    [
      0,
      0,
      0,
      3,
      2,
      0
    ],
    [
      0,
      0,
      0,
      0,
      2,
      0
    ]
  ]
}