{
  "0": {
    "precision": 0.4,
    "recall": 0.3333333333333333,
    "f1": 0.36363636363636365,
    "support": 6
  },
  "1": {
    "precision": 0.5454545454545454,
    "recall": 0.6,
    "f1": 0.5714285714285714,
    "support": 10
  },
  "1+": {
    "precision": 0.0,
    "recall": 0.0,
    "f1": 0.0,
    "support": 3
  },
  "2": {
    "precision": 0.5454545454545454,
    "recall": 0.75,
    "f1": 0.631578947368421,
    "support": 8
  },
  "3": {
    "precision": 0.3333333333333333,
    "recall": 0.4,
    "f1": 0.36363636363636365,
    "support": 5
  },
  "4": {
    "precision": 0.0,
    "recall": 0.0,
    "f1": 0.0,
    "support": 2
  }
}