{
  "accuracy": 0.3939393939393939,
  "macro_f1": 0.2689400921658986,
  "cohen_kappa": 0.1970802919708028,
  "weighted_kappa": 0.36496350364963515,
  "precision_c0": 0.6666666666666666,
  "recall_c0": 0.2857142857142857,
  "f1_c0": 0.4,
  "support_c0": 7,
  "precision_c1": 0.36363636363636365,
  "recall_c1": 0.8888888888888888,
  "f1_c1": 0.5161290322580645,
  "support_c1": 9,
  "precision_c2": 0.0,
  "recall_c2": 0.0,
  "f1_c2": 0.0,
  "support_c2": 5,
  "precision_c3": 0.375,
  "recall_c3": 0.5,
  "f1_c3": 0.42857142857142855,
  "support_c3": 6,
  "precision_c4": 0.0,
  "recall_c4": 0.0,
  "f1_c4": 0.0,
  "support_c4": 6,
  "confusion_matrix": [
    [
      2,
      5,
      0,
      0,
      0
    ],
    [
      0,
      8,
      0,
      1,
      0
    ],
    [
      1,
      4,
      0,
      0,
      0
    ],
    [
      0,
      3,
      0,
      3,
      0
    ],
    [
      0,
      2,
      0,
      4,
      0
    ]
  ],
  "loss": 0.7210622679103504
}