{
  "2": {
    "precision": 0.6666666666666666,
    "recall": 0.2857142857142857,
    "f1": 0.4,
    "support": 7
  },
  "3": {
    "precision": 0.36363636363636365,
    "recall": 0.8888888888888888,
    "f1": 0.5161290322580645,
    "support": 9
  },
  "4": {
    "precision": 0.0,
    "recall": 0.0,
    "f1": 0.0,
    "support": 5
  },
  "5": {
    "precision": 0.375,
    "recall": 0.5,
    "f1": 0.42857142857142855,
    "support": 6
  },
  "6": {
    "precision": 0.0,
    "recall": 0.0,
    "f1": 0.0,
    "support": 6
  }
}