{
  "accuracy": 0.17647058823529413,
  "macro_f1": 0.06,
  "cohen_kappa": 0.0,
  "weighted_kappa": 0.0,
  "precision_c0": 0.0,
  "recall_c0": 0.0,
  "f1_c0": 0.0,
  "support_c0": 11,
  "precision_c1": 0.17647058823529413,
  "recall_c1": 1.0,
  "f1_c1": 0.3,
  "support_c1": 6,
  "precision_c2": 0.0,
  "recall_c2": 0.0,
  "f1_c2": 0.0,
  "support_c2": 5,
  "precision_c3": 0.0,
  "recall_c3": 0.0,
  "f1_c3": 0.0,
  "support_c3": 6,
  "precision_c4": 0.0,
  "recall_c4": 0.0,
  "f1_c4": 0.0,
  "support_c4": 6,
  "confusion_matrix": [
    [
      0,
      11,
      0,
      0,
      0
    ],
    [
      0,
      6,
      0,
      0,
      0
    ],
    [
      0,
      5,
      0,
      0,
      0
    ],
    [
      0,
      6,
      0,
      0,
      0
    ],
    [
      0,
      6,
      0,
      0,
      0
    ]
  ]
}