{
  "accuracy": 0.48484848484848486,
  "macro_f1": 0.2972582972582972,
  "cohen_kappa": 0.32974910394265244,
  "weighted_kappa": 0.5867620751341681,
  "precision_c0": 0.6666666666666666,
  "recall_c0": 0.6666666666666666,
  "f1_c0": 0.6666666666666666,
  "support_c0": 6,
  "precision_c1": 0.42857142857142855,
  "recall_c1": 0.75,
  "f1_c1": 0.5454545454545454,
  "support_c1": 8,
  "precision_c2": 0.0,
  "recall_c2": 0.0,
  "f1_c2": 0.0,
  "support_c2": 5,
  "precision_c3": 0.46153846153846156,
  "recall_c3": 0.75,
  "f1_c3": 0.5714285714285714,
  "support_c3": 8,
  "precision_c4": 0.0,
  "recall_c4": 0.0,
  "f1_c4": 0.0,
  "support_c4": 4,
  "precision_c5": 0.0,
  "recall_c5": 0.0,
  "f1_c5": 0.0,
  "support_c5": 2,
  "confusion_matrix": [
    [
      4,
      2,
      0,
      0,
      0,
      0
    ],
    [
      2,
      6,
      0,
      0,
      0,
      0
    ],
    [
      0,
      4,
      0,
      1,
      0,
      0
    ],
    [
      0,
      2,
      0,
      6,
      0,
      0
    ],
    [
      0,
      0,
      0,
      4,
      0,
      0
    ],
    [
      0,
      0,
      0,
      2,
      0,
      0
    ]
  ],
  "loss": 1.2893811081846556
}