{
  "0": {
    "precision": 0.6666666666666666,
    "recall": 0.6666666666666666,
    "f1": 0.6666666666666666,
    "support": 6
  },
  "1": {
    "precision": 0.42857142857142855,
    "recall": 0.75,
    "f1": 0.5454545454545454,
    "support": 8
  },
  "1+": {
    "precision": 0.0,
    "recall": 0.0,
    "f1": 0.0,
    "support": 5
  },
  "2": {
    "precision": 0.46153846153846156,
    "recall": 0.75,
    "f1": 0.5714285714285714,
    "support": 8
  },
  "3": {
    "precision": 0.0,
    "recall": 0.0,
    "f1": 0.0,
    "support": 4
  },
  "4": {
    "precision": 0.0,
    "recall": 0.0,
    "f1": 0.0,
    "support": 2
  }
}