{
  "mae": 22.41707428834169,
  "rmse": 24.572484964234768,
  "r2": 0.2053269693116796,
  "pearson_r": 0.8820397009847534,
  "spearman_r": 0.8417815267763442,
  "nmae": 0.2241707428834169,
  "ba_mean_diff": -0.036133007049526766,
  "ba_loa_upper": 48.125885453106434,
  "ba_loa_lower": -48.19815146720549,
  "rounded_acc_5": 0.06060606060606061,
  "tolerance_acc_10": 0.09090909090909091
}