{
  "mae": 1.6374633926333804,
  "rmse": 3.2561447910960664,
  "r2": 0.7603947139799566,
  "pearson_r": 0.8792583335528166,
  "spearman_r": 0.8520472980069902,
  "nmae": 0.08187316963166902,
  "ba_mean_diff": 0.6431741244865187,
  "ba_loa_upper": 6.899476300917768,
  "ba_loa_lower": -5.61312805194473,
  "rounded_acc_1": 0.696969696969697,
  "tolerance_acc_1p5": 0.696969696969697
}