{
  "accuracy": 0.42424242424242425,
  "macro_f1": 0.3133333333333333,
  "cohen_kappa": 0.28260869565217395,
  "weighted_kappa": 0.6138297872340426,
  "precision_c0": 0.5,
  "recall_c0": 1.0,
  "f1_c0": 0.6666666666666666,
  "support_c0": 7,
  "precision_c1": 0.0,
  "recall_c1": 0.0,
  "f1_c1": 0.0,
  "support_c1": 9,
  "precision_c2": 0.0,
  "recall_c2": 0.0,
  "f1_c2": 0.0,
  "support_c2": 5,
  "precision_c3": 0.35714285714285715,
  "recall_c3": 0.8333333333333334,
  "f1_c3": 0.5,
  "support_c3": 6,
  "precision_c4": 0.5,
  "recall_c4": 0.3333333333333333,
  "f1_c4": 0.4,
  "support_c4": 6,
  "confusion_matrix": [
    [
      7,
      0,
      0,
      0,
      0
    ],
    [
      7,
      0,
      0,
      1,
      1
    ],
    [
      0,
      1,
      0,
      4,
      0
    ],
    [
      0,
      0,
      0,
      5,
      1
    ],
    [
      0,
      0,
      0,
      4,
      2
    ]
  ]
}