{
  "2": {
    "precision": 0.5,
    "recall": 1.0,
    "f1": 0.6666666666666666,
    "support": 7
  },
  "3": {
    "precision": 0.0,
    "recall": 0.0,
    "f1": 0.0,
    "support": 9
  },
  "4": {
    "precision": 0.0,
    "recall": 0.0,
    "f1": 0.0,
    "support": 5
  },
  "5": {
    "precision": 0.35714285714285715,
    "recall": 0.8333333333333334,
    "f1": 0.5,
    "support": 6
  },
  "6": {
    "precision": 0.5,
    "recall": 0.3333333333333333,
    "f1": 0.4,
    "support": 6
  }
}