{
  "mae": 7.839870291597703,
  "rmse": 10.046270828644127,
  "r2": 0.8689624948844915,
  "pearson_r": 0.9440229087184403,
  "spearman_r": 0.9119756104034834,
  "nmae": 0.07839870291597703,
  "ba_mean_diff": -0.8567450116662418,
  "ba_loa_upper": 18.762213283184373,
  "ba_loa_lower": -20.475703306516856,
  "rounded_acc_5": 0.38235294117647056,
  "tolerance_acc_10": 0.7647058823529411,
  "loss": 7.364567345030167
}