{
  "mae": 1.3302952086224276,
  "rmse": 3.1107562381137073,
  "r2": 0.784893741728605,
  "pearson_r": 0.8986619179993504,
  "spearman_r": 0.8748686095397171,
  "nmae": 0.06651476043112138,
  "ba_mean_diff": -0.7250469800303964,
  "ba_loa_upper": 5.204110546709316,
  "ba_loa_lower": -6.6542045067701086,
  "rounded_acc_1": 0.7647058823529411,
  "tolerance_acc_1p5": 0.7647058823529411,
  "loss": 0.9668525760555092
}