{
  "0": {
    "precision": 0.2222222222222222,
    "recall": 0.3333333333333333,
    "f1": 0.26666666666666666,
    "support": 6
  },
  "1": {
    "precision": 0.375,
    "recall": 1.0,
    "f1": 0.5454545454545454,
    "support": 9
  },
  "1+": {
    "precision": 0.0,
    "recall": 0.0,
    "f1": 0.0,
    "support": 5
  },
  "2": {
    "precision": 0.0,
    "recall": 0.0,
    "f1": 0.0,
    "support": 7
  },
  "3": {
    "precision": 0.0,
    "recall": 0.0,
    "f1": 0.0,
    "support": 5
  },
  "4": {
    "precision": 0.0,
    "recall": 0.0,
    "f1": 0.0,
    "support": 1
  }
}