{
  "accuracy": 0.6764705882352942,
  "macro_f1": 0.628816111424807,
  "cohen_kappa": 0.5835189309576837,
  "weighted_kappa": 0.7584699453551913,
  "precision_c0": 0.75,
  "recall_c0": 0.8181818181818182,
  "f1_c0": 0.782608695652174,
  "support_c0": 11,
  "precision_c1": 0.5,
  "recall_c1": 0.5,
  "f1_c1": 0.5,
  "support_c1": 6,
  "precision_c2": 0.8333333333333334,
  "recall_c2": 1.0,
  "f1_c2": 0.9090909090909091,
  "support_c2": 5,
  "precision_c3": 0.5555555555555556,
  "recall_c3": 0.8333333333333334,
  "f1_c3": 0.6666666666666666,
  "support_c3": 6,
  "precision_c4": 1.0,
  "recall_c4": 0.16666666666666666,
  "f1_c4": 0.2857142857142857,
  "support_c4": 6,
  "confusion_matrix": [
    [
      9,
      2,
      0,
      0,
      0
    ],
    [
      3,
      3,
      0,
      0,
      0
    ],
    [
      0,
      0,
      5,
      0,
      0
    ],
    [
      0,
      0,
      1,
      5,
      0
    ],
    [
      0,
      1,
      0,
      4,
      1
    ]
  ],
  "loss": 0.4865779584721096
}