{
  "2": {
    "precision": 0.75,
    "recall": 0.8181818181818182,
    "f1": 0.782608695652174,
    "support": 11
  },
  "3": {
    "precision": 0.5,
    "recall": 0.5,
    "f1": 0.5,
    "support": 6
  },
  "4": {
    "precision": 0.8333333333333334,
    "recall": 1.0,
    "f1": 0.9090909090909091,
    "support": 5
  },
  "5": {
    "precision": 0.5555555555555556,
    "recall": 0.8333333333333334,
    "f1": 0.6666666666666666,
    "support": 6
  },
  "6": {
    "precision": 1.0,
    "recall": 0.16666666666666666,
    "f1": 0.2857142857142857,
    "support": 6
  }
}