{
  "mae": 5.392582541836273,
  "rmse": 6.1785762440898475,
  "r2": -0.001357596974424391,
  "pearson_r": NaN,
  "spearman_r": NaN,
  "nmae": 0.26962912709181364,
  "ba_mean_diff": -0.2274988692899138,
  "ba_loa_upper": 11.874298673427528,
  "ba_loa_lower": -12.329296412007356,
  "rounded_acc_1": 0.18181818181818182,
  "tolerance_acc_1p5": 0.18181818181818182
}