{
  "mae": 10.25247476381414,
  "rmse": 18.288783658184915,
  "r2": 0.5657343310090819,
  "pearson_r": 0.766207182624214,
  "spearman_r": 0.7615403136192024,
  "nmae": 0.1025247476381414,
  "ba_mean_diff": -4.045498364111957,
  "ba_loa_upper": 30.912548153098214,
  "ba_loa_lower": -39.00354488132213,
  "rounded_acc_5": 0.47058823529411764,
  "tolerance_acc_10": 0.6764705882352942,
  "loss": 10.064629006086319
}