{
  "mae": 6.060112678643429,
  "rmse": 8.10248350032493,
  "r2": -0.4836289145168524,
  "pearson_r": 0.8287647986927417,
  "spearman_r": 0.8429990081166505,
  "nmae": 0.30300563393217145,
  "ba_mean_diff": 5.577243443691369,
  "ba_loa_upper": 17.097074779766203,
  "ba_loa_lower": -5.942587892383463,
  "rounded_acc_1": 0.36363636363636365,
  "tolerance_acc_1p5": 0.36363636363636365,
  "loss": 5.600243941957903
}