{
  "mae": 22.15194496683285,
  "rmse": 24.712475671020123,
  "r2": 0.2071001023367508,
  "pearson_r": 0.899024123822975,
  "spearman_r": 0.8461217917091399,
  "nmae": 0.2215194496683285,
  "ba_mean_diff": 1.9516522915428525,
  "ba_loa_upper": 50.23682044250115,
  "ba_loa_lower": -46.33351585941545,
  "rounded_acc_5": 0.058823529411764705,
  "tolerance_acc_10": 0.11764705882352941
}