{
  "accuracy": 0.5454545454545454,
  "macro_f1": 0.30518518518518517,
  "cohen_kappa": 0.4028950542822678,
  "weighted_kappa": 0.6429026098026736,
  "precision_c0": 0.6666666666666666,
  "recall_c0": 0.3333333333333333,
  "f1_c0": 0.4444444444444444,
  "support_c0": 6,
  "precision_c1": 0.5625,
  "recall_c1": 1.0,
  "f1_c1": 0.72,
  "support_c1": 9,
  "precision_c2": 0.0,
  "recall_c2": 0.0,
  "f1_c2": 0.0,
  "support_c2": 5,
  "precision_c3": 0.5,
  "recall_c3": 1.0,
  "f1_c3": 0.6666666666666666,
  "support_c3": 7,
  "precision_c4": 0.0,
  "recall_c4": 0.0,
  "f1_c4": 0.0,
  "support_c4": 5,
  "precision_c5": 0.0,
  "recall_c5": 0.0,
  "f1_c5": 0.0,
  "support_c5": 1,
  "confusion_matrix": [
    [
      2,
      4,
      0,
      0,
      0,
      0
    ],
    [
      0,
      9,
      0,
      0,
      0,
      0
    ],
    [
      1,
      3,
      0,
      1,
      0,
      0
    ],
    [
      0,
      0,
      0,
      7,
      0,
      0
    ],
    [
      0,
      0,
      0,
      5,
      0,
      0
    ],
    [
      0,
      0,
      0,
      1,
      0,
      0
    ]
  ]
}