{
  "accuracy": 0.47058823529411764,
  "macro_f1": 0.4169944090996722,
  "cohen_kappa": 0.32300884955752207,
  "weighted_kappa": 0.6017039403620873,
  "precision_c0": 0.7,
  "recall_c0": 0.6363636363636364,
  "f1_c0": 0.6666666666666666,
  "support_c0": 11,
  "precision_c1": 0.42857142857142855,
  "recall_c1": 0.5,
  "f1_c1": 0.46153846153846156,
  "support_c1": 6,
  "precision_c2": 0.5,
  "recall_c2": 0.2,
  "f1_c2": 0.2857142857142857,
  "support_c2": 5,
  "precision_c3": 0.3076923076923077,
  "recall_c3": 0.6666666666666666,
  "f1_c3": 0.42105263157894735,
  "support_c3": 6,
  "precision_c4": 0.5,
  "recall_c4": 0.16666666666666666,
  "f1_c4": 0.25,
  "support_c4": 6,
  "confusion_matrix": [
    [
      7,
      4,
      0,
      0,
      0
    ],
    [
      2,
      3,
      0,
      1,
      0
    ],
    [
      0,
      0,
      1,
      4,
      0
    ],
    [
      0,
      0,
      1,
      4,
      1
    ],
    [
      1,
      0,
      0,
      4,
      1
    ]
  ]
}