{
  "2": {
    "precision": 0.7,
    "recall": 0.6363636363636364,
    "f1": 0.6666666666666666,
    "support": 11
  },
  "3": {
    "precision": 0.42857142857142855,
    "recall": 0.5,
    "f1": 0.46153846153846156,
    "support": 6
  },
  "4": {
    "precision": 0.5,
    "recall": 0.2,
    "f1": 0.2857142857142857,
    "support": 5
  },
  "5": {
    "precision": 0.3076923076923077,
    "recall": 0.6666666666666666,
    "f1": 0.42105263157894735,
    "support": 6
  },
  "6": {
    "precision": 0.5,
    "recall": 0.16666666666666666,
    "f1": 0.25,
    "support": 6
  }
}