{
  "accuracy": 0.6470588235294118,
  "macro_f1": 0.5164578111946533,
  "cohen_kappa": 0.5536105032822758,
  "weighted_kappa": 0.6898517673888256,
  "precision_c0": 1.0,
  "recall_c0": 0.3333333333333333,
  "f1_c0": 0.5,
  "support_c0": 6,
  "precision_c1": 0.7777777777777778,
  "recall_c1": 0.7,
  "f1_c1": 0.7368421052631579,
  "support_c1": 10,
  "precision_c2": 0.42857142857142855,
  "recall_c2": 1.0,
  "f1_c2": 0.6,
  "support_c2": 3,
  "precision_c3": 0.6153846153846154,
  "recall_c3": 1.0,
  "f1_c3": 0.7619047619047619,
  "support_c3": 8,
  "precision_c4": 0.6666666666666666,
  "recall_c4": 0.4,
  "f1_c4": 0.5,
  "support_c4": 5,
  "precision_c5": 0.0,
  "recall_c5": 0.0,
  "f1_c5": 0.0,
  "support_c5": 2,
  "confusion_matrix": [
    [
      2,
      2,
      1,
      1,
      0,
      0
    ],
    [
      0,
      7,
      3,
      0,
      0,
      0
    ],
    [
      0,
      0,
      3,
      0,
      0,
      0
    ],
    [
      0,
      0,
      0,
      8,
      0,
      0
    ],
    [
      0,
      0,
      0,
      3,
      2,
      0
    ],
    [
      0,
      0,
      0,
      1,
      1,
      0
    ]
  ],
  "loss": 1.3718121618721817
}