{
  "0": {
    "precision": 1.0,
    "recall": 0.3333333333333333,
    "f1": 0.5,
    "support": 6
  },
  "1": {
    "precision": 0.7777777777777778,
    "recall": 0.7,
    "f1": 0.7368421052631579,
    "support": 10
  },
  "1+": {
    "precision": 0.42857142857142855,
    "recall": 1.0,
    "f1": 0.6,
    "support": 3
  },
  "2": {
    "precision": 0.6153846153846154,
    "recall": 1.0,
    "f1": 0.7619047619047619,
    "support": 8
  },
  "3": {
    "precision": 0.6666666666666666,
    "recall": 0.4,
    "f1": 0.5,
    "support": 5
  },
  "4": {
    "precision": 0.0,
    "recall": 0.0,
    "f1": 0.0,
    "support": 2
  }
}