{
  "accuracy": 0.36363636363636365,
  "macro_f1": 0.22872200263504613,
  "cohen_kappa": 0.21250000000000002,
  "weighted_kappa": 0.31203765971755215,
  "precision_c0": 0.0,
  "recall_c0": 0.0,
  "f1_c0": 0.0,
  "support_c0": 6,
  "precision_c1": 0.0,
  "recall_c1": 0.0,
  "f1_c1": 0.0,
  "support_c1": 8,
  "precision_c2": 0.23529411764705882,
  "recall_c2": 0.8,
  "f1_c2": 0.36363636363636365,
  "support_c2": 5,
  "precision_c3": 0.4666666666666667,
  "recall_c3": 0.875,
  "f1_c3": 0.6086956521739131,
  "support_c3": 8,
  "precision_c4": 1.0,
  "recall_c4": 0.25,
  "f1_c4": 0.4,
  "support_c4": 4,
  "precision_c5": 0.0,
  "recall_c5": 0.0,
  "f1_c5": 0.0,
  "support_c5": 2,
  "confusion_matrix": [
    [
      0,
      0,
      5,
      1,
      0,
      0
    ],
    [
      0,
      0,
      7,
      1,
      0,
      0
    ],
    [
      0,
      0,
      4,
      1,
      0,
      0
    ],
    [
      0,
      0,
      1,
      7,
      0,
      0
    ],
    [
      0,
      0,
      0,
      3,
      1,
      0
    ],
    [
      0,
      0,
      0,
      2,
      0,
      0
    ]
  ],
  "loss": 1.1042139917311042
}