{
  "0": {
    "precision": 0.0,
    "recall": 0.0,
    "f1": 0.0,
    "support": 6
  },
  "1": {
    "precision": 0.0,
    "recall": 0.0,
    "f1": 0.0,
    "support": 8
  },
  "1+": {
    "precision": 0.23529411764705882,
    "recall": 0.8,
    "f1": 0.36363636363636365,
    "support": 5
  },
  "2": {
    "precision": 0.4666666666666667,
    "recall": 0.875,
    "f1": 0.6086956521739131,
    "support": 8
  },
  "3": {
    "precision": 1.0,
    "recall": 0.25,
    "f1": 0.4,
    "support": 4
  },
  "4": {
    "precision": 0.0,
    "recall": 0.0,
    "f1": 0.0,
    "support": 2
  }
}