{
  "mae": 0.9827481517020393,
  "rmse": 1.2071870199776458,
  "r2": 0.9676055807362876,
  "pearson_r": 0.9840343351192246,
  "spearman_r": 0.9670728992706188,
  "nmae": 0.04913740758510197,
  "ba_mean_diff": -0.006849249496179468,
  "ba_loa_upper": 2.3591992257976697,
  "ba_loa_lower": -2.372897724790029,
  "rounded_acc_1": 0.7941176470588235,
  "tolerance_acc_1p5": 0.7941176470588235,
  "loss": 0.695093951711212
}