{
  "mae": 21.490378390658986,
  "rmse": 26.807130357622576,
  "r2": 0.0542181600722339,
  "pearson_r": 0.337169464445437,
  "spearman_r": 0.34291080304700033,
  "nmae": 0.21490378390658985,
  "ba_mean_diff": -3.7971877871137676,
  "ba_loa_upper": 48.21500848431216,
  "ba_loa_lower": -55.8093840585397,
  "rounded_acc_5": 0.15151515151515152,
  "tolerance_acc_10": 0.2727272727272727,
  "loss": 21.391602927988227
}