{
  "mae": 27.417500351414535,
  "rmse": 34.12475323091142,
  "r2": -0.8678606722439308,
  "pearson_r": 0.7622216562627728,
  "spearman_r": 0.8104139078788849,
  "nmae": 0.27417500351414537,
  "ba_mean_diff": 25.038664615515508,
  "ba_loa_upper": 70.48210289527489,
  "ba_loa_lower": -20.404773664243876,
  "rounded_acc_5": 0.24242424242424243,
  "tolerance_acc_10": 0.30303030303030304,
  "loss": 26.996014110187087
}