{
  "accuracy": 0.30303030303030304,
  "macro_f1": 0.15126050420168066,
  "cohen_kappa": 0.08774038461538458,
  "weighted_kappa": 0.058121432278152474,
  "precision_c0": 0.3076923076923077,
  "recall_c0": 1.0,
  "f1_c0": 0.47058823529411764,
  "support_c0": 8,
  "precision_c1": 0.2857142857142857,
  "recall_c1": 0.2857142857142857,
  "f1_c1": 0.2857142857142857,
  "support_c1": 7,
  "precision_c2": 0.0,
  "recall_c2": 0.0,
  "f1_c2": 0.0,
  "support_c2": 4,
  "precision_c3": 0.0,
  "recall_c3": 0.0,
  "f1_c3": 0.0,
  "support_c3": 9,
  "precision_c4": 0.0,
  "recall_c4": 0.0,
  "f1_c4": 0.0,
  "support_c4": 5,
  "confusion_matrix": [
    [
      8,
      0,
      0,
      0,
      0
    ],
    [
      5,
      2,
      0,
      0,
      0
    ],
    [
      4,
      0,
      0,
      0,
      0
    ],
    [
      6,
      3,
      0,
      0,
      0
    ],
    [
      3,
      2,
      0,
      0,
      0
    ]
  ],
  "loss": 0.6731908069716559
}