{
  "2": {
    "precision": 0.3076923076923077,
    "recall": 1.0,
    "f1": 0.47058823529411764,
    "support": 8
  },
  "3": {
    "precision": 0.2857142857142857,
    "recall": 0.2857142857142857,
    "f1": 0.2857142857142857,
    "support": 7
  },
  "4": {
    "precision": 0.0,
    "recall": 0.0,
    "f1": 0.0,
    "support": 4
  },
  "5": {
    "precision": 0.0,
    "recall": 0.0,
    "f1": 0.0,
    "support": 9
  },
  "6": {
    "precision": 0.0,
    "recall": 0.0,
    "f1": 0.0,
    "support": 5
  }
}