{
  "mae": 5.69873447490461,
  "rmse": 8.034083975562663,
  "r2": 0.8964671491437333,
  "pearson_r": 0.948891494628045,
  "spearman_r": 0.9383123225906115,
  "nmae": 0.0569873447490461,
  "ba_mean_diff": -1.2465524781833996,
  "ba_loa_upper": 14.309553049949878,
  "ba_loa_lower": -16.802658006316676,
  "rounded_acc_5": 0.6666666666666666,
  "tolerance_acc_10": 0.8484848484848485,
  "loss": 5.486010536370856
}