{
  "mae": 7.756324502554807,
  "rmse": 12.558822545730614,
  "r2": 0.7924187292310759,
  "pearson_r": 0.8902098485624995,
  "spearman_r": 0.8558984785625943,
  "nmae": 0.07756324502554807,
  "ba_mean_diff": -0.11966505014535153,
  "ba_loa_upper": 24.494509706046873,
  "ba_loa_lower": -24.733839806337574,
  "rounded_acc_5": 0.5757575757575758,
  "tolerance_acc_10": 0.696969696969697,
  "loss": 7.448521769881446
}