{
  "mae": 1.5854277610778809,
  "rmse": 2.335910281389159,
  "r2": 0.8787076526774726,
  "pearson_r": 0.9387010468900187,
  "spearman_r": 0.9327643263474925,
  "nmae": 0.07927138805389404,
  "ba_mean_diff": -0.20511632807114544,
  "ba_loa_upper": 4.355582623153644,
  "ba_loa_lower": -4.765815279295936,
  "rounded_acc_1": 0.5294117647058824,
  "tolerance_acc_1p5": 0.5294117647058824
}