{
  "accuracy": 0.7941176470588235,
  "macro_f1": 0.763245904422375,
  "cohen_kappa": 0.7373068432671082,
  "weighted_kappa": 0.8422680412371134,
  "precision_c0": 1.0,
  "recall_c0": 0.8333333333333334,
  "f1_c0": 0.9090909090909091,
  "support_c0": 6,
  "precision_c1": 0.9090909090909091,
  "recall_c1": 1.0,
  "f1_c1": 0.9523809523809523,
  "support_c1": 10,
  "precision_c2": 1.0,
  "recall_c2": 0.6666666666666666,
  "f1_c2": 0.8,
  "support_c2": 3,
  "precision_c3": 0.6666666666666666,
  "recall_c3": 0.75,
  "f1_c3": 0.7058823529411765,
  "support_c3": 8,
  "precision_c4": 0.5,
  "recall_c4": 0.6,
  "f1_c4": 0.5454545454545454,
  "support_c4": 5,
  "precision_c5": 1.0,
  "recall_c5": 0.5,
  "f1_c5": 0.6666666666666666,
  "support_c5": 2,
  "confusion_matrix": [
    [
      5,
      0,
      0,
      1,
      0,
      0
    ],
    [
      0,
      10,
      0,
      0,
      0,
      0
    ],
    [
      0,
      1,
      2,
      0,
      0,
      0
    ],
    [
      0,
      0,
      0,
      6,
      2,
      0
    ],
    [
      0,
      0,
      0,
      2,
      3,
      0
    ],
    [
      0,
      0,
      0,
      0,
      1,
      1
    ]
  ],
  "loss": 0.7333145294055415
}