{
  "0": {
    "precision": 0.5,
    "recall": 0.5,
    "f1": 0.5,
    "support": 6
  },
  "1": {
    "precision": 0.5833333333333334,
    "recall": 0.875,
    "f1": 0.7,
    "support": 8
  },
  "1+": {
    "precision": 0.0,
    "recall": 0.0,
    "f1": 0.0,
    "support": 5
  },
  "2": {
    "precision": 0.5,
    "recall": 0.75,
    "f1": 0.6,
    "support": 8
  },
  "3": {
    "precision": 0.5,
    "recall": 0.25,
    "f1": 0.3333333333333333,
    "support": 4
  },
  "4": {
    "precision": 1.0,
    "recall": 0.5,
    "f1": 0.6666666666666666,
    "support": 2
  }
}