{
  "mae": 32.83145155626185,
  "rmse": 41.50972182973618,
  "r2": -1.2371005178477783,
  "pearson_r": 0.31857540754973324,
  "spearman_r": 0.35659305554069887,
  "nmae": 0.3283145155626185,
  "ba_mean_diff": -30.88817920404322,
  "ba_loa_upper": 23.46348634997951,
  "ba_loa_lower": -85.23984475806594,
  "rounded_acc_5": 0.20588235294117646,
  "tolerance_acc_10": 0.35294117647058826,
  "loss": 32.28192097719978
}