{
  "mae": 17.733861028928967,
  "rmse": 22.639918769710995,
  "r2": 0.3345191220810002,
  "pearson_r": 0.6240610495414362,
  "spearman_r": 0.6207758573424822,
  "nmae": 0.17733861028928966,
  "ba_mean_diff": -5.30014034908484,
  "ba_loa_upper": 37.840988360564005,
  "ba_loa_lower": -48.44126905873369,
  "rounded_acc_5": 0.2647058823529412,
  "tolerance_acc_10": 0.35294117647058826,
  "loss": 17.87678669691086
}