{
  "mae": 1.6862301140120535,
  "rmse": 2.0418188837035234,
  "r2": 0.9057842715750642,
  "pearson_r": 0.979939874803622,
  "spearman_r": 0.9696750665814066,
  "nmae": 0.08431150570060267,
  "ba_mean_diff": -1.33418679598606,
  "ba_loa_upper": 1.6952466410467264,
  "ba_loa_lower": -4.363620233018846,
  "rounded_acc_1": 0.5151515151515151,
  "tolerance_acc_1p5": 0.5151515151515151,
  "loss": 1.3073586062048421
}