{
  "accuracy": 0.7647058823529411,
  "macro_f1": 0.7381212121212121,
  "cohen_kappa": 0.6926553672316385,
  "weighted_kappa": 0.8627648839556004,
  "precision_c0": 0.7857142857142857,
  "recall_c0": 1.0,
  "f1_c0": 0.88,
  "support_c0": 11,
  "precision_c1": 1.0,
  "recall_c1": 0.5,
  "f1_c1": 0.6666666666666666,
  "support_c1": 6,
  "precision_c2": 1.0,
  "recall_c2": 0.6,
  "f1_c2": 0.75,
  "support_c2": 5,
  "precision_c3": 0.5555555555555556,
  "recall_c3": 0.8333333333333334,
  "f1_c3": 0.6666666666666666,
  "support_c3": 6,
  "precision_c4": 0.8,
  "recall_c4": 0.6666666666666666,
  "f1_c4": 0.7272727272727273,
  "support_c4": 6,
  "confusion_matrix": [
    [
      11,
      0,
      0,
      0,
      0
    ],
    [
      3,
      3,
      0,
      0,
      0
    ],
    [
      0,
      0,
      3,
      2,
      0
    ],
    [
      0,
      0,
      0,
      5,
      1
    ],
    [
      0,
      0,
      0,
      2,
      4
    ]
  ],
  "loss": 0.5730387819920639
}