{
  "2": {
    "precision": 0.7857142857142857,
    "recall": 1.0,
    "f1": 0.88,
    "support": 11
  },
  "3": {
    "precision": 1.0,
    "recall": 0.5,
    "f1": 0.6666666666666666,
    "support": 6
  },
  "4": {
    "precision": 1.0,
    "recall": 0.6,
    "f1": 0.75,
    "support": 5
  },
  "5": {
    "precision": 0.5555555555555556,
    "recall": 0.8333333333333334,
    "f1": 0.6666666666666666,
    "support": 6
  },
  "6": {
    "precision": 0.8,
    "recall": 0.6666666666666666,
    "f1": 0.7272727272727273,
    "support": 6
  }
}