{
  "mae": 1.2307363640178333,
  "rmse": 2.766984421945059,
  "r2": 0.8269775703554589,
  "pearson_r": 0.9149777957466123,
  "spearman_r": 0.9195743503367476,
  "nmae": 0.061536818200891664,
  "ba_mean_diff": 0.4808677254301129,
  "ba_loa_upper": 5.82163180883916,
  "ba_loa_lower": -4.859896357978934,
  "rounded_acc_1": 0.9090909090909091,
  "tolerance_acc_1p5": 0.9090909090909091,
  "loss": 0.9109220281845392
}