{
  "mae": 1.3419749718723875,
  "rmse": 2.0723576352057163,
  "r2": 0.887347252693785,
  "pearson_r": 0.9467237913065668,
  "spearman_r": 0.9379565124757199,
  "nmae": 0.06709874859361938,
  "ba_mean_diff": -0.34693231907757843,
  "ba_loa_upper": 3.6575659967974854,
  "ba_loa_lower": -4.351430634952642,
  "rounded_acc_1": 0.696969696969697,
  "tolerance_acc_1p5": 0.696969696969697,
  "loss": 0.8856234492941035
}