{
  "mae": 19.857914209707772,
  "rmse": 22.69947832313213,
  "r2": 0.17351078279663168,
  "pearson_r": 0.9118355752644465,
  "spearman_r": 0.861138017378431,
  "nmae": 0.19857914209707772,
  "ba_mean_diff": 5.365819445576808,
  "ba_loa_upper": 48.59589766091898,
  "ba_loa_lower": -37.86425876976536,
  "rounded_acc_5": 0.09090909090909091,
  "tolerance_acc_10": 0.21212121212121213
}