{
  "accuracy": 0.6666666666666666,
  "macro_f1": 0.6590430622009569,
  "cohen_kappa": 0.573443008225617,
  "weighted_kappa": 0.7760641579272054,
  "precision_c0": 0.6666666666666666,
  "recall_c0": 0.25,
  "f1_c0": 0.36363636363636365,
  "support_c0": 8,
  "precision_c1": 0.5,
  "recall_c1": 0.8571428571428571,
  "f1_c1": 0.631578947368421,
  "support_c1": 7,
  "precision_c2": 0.75,
  "recall_c2": 0.75,
  "f1_c2": 0.75,
  "support_c2": 4,
  "precision_c3": 0.7272727272727273,
  "recall_c3": 0.8888888888888888,
  "f1_c3": 0.8,
  "support_c3": 9,
  "precision_c4": 1.0,
  "recall_c4": 0.6,
  "f1_c4": 0.75,
  "support_c4": 5,
  "confusion_matrix": [
    [
      2,
      6,
      0,
      0,
      0
    ],
    [
      1,
      6,
      0,
      0,
      0
    ],
    [
      0,
      0,
      3,
      1,
      0
    ],
    [
      0,
      0,
      1,
      8,
      0
    ],
    [
      0,
      0,
      0,
      2,
      3
    ]
  ],
  "loss": 0.4273553929675013
}