{
  "2": {
    "precision": 0.6666666666666666,
    "recall": 0.25,
    "f1": 0.36363636363636365,
    "support": 8
  },
  "3": {
    "precision": 0.5,
    "recall": 0.8571428571428571,
    "f1": 0.631578947368421,
    "support": 7
  },
  "4": {
    "precision": 0.75,
    "recall": 0.75,
    "f1": 0.75,
    "support": 4
  },
  "5": {
    "precision": 0.7272727272727273,
    "recall": 0.8888888888888888,
    "f1": 0.8,
    "support": 9
  },
  "6": {
    "precision": 1.0,
    "recall": 0.6,
    "f1": 0.75,
    "support": 5
  }
}