{
  "accuracy": 0.696969696969697,
  "macro_f1": 0.6352187028657617,
  "cohen_kappa": 0.6135831381733021,
  "weighted_kappa": 0.7757449032932566,
  "precision_c0": 0.6153846153846154,
  "recall_c0": 1.0,
  "f1_c0": 0.7619047619047619,
  "support_c0": 8,
  "precision_c1": 1.0,
  "recall_c1": 0.14285714285714285,
  "f1_c1": 0.25,
  "support_c1": 7,
  "precision_c2": 0.6666666666666666,
  "recall_c2": 0.5,
  "f1_c2": 0.5714285714285714,
  "support_c2": 4,
  "precision_c3": 0.875,
  "recall_c3": 0.7777777777777778,
  "f1_c3": 0.8235294117647058,
  "support_c3": 9,
  "precision_c4": 0.625,
  "recall_c4": 1.0,
  "f1_c4": 0.7692307692307693,
  "support_c4": 5,
  "confusion_matrix": [
    [
      8,
      0,
      0,
      0,
      0
    ],
    [
      5,
      1,
      0,
      0,
      1
    ],
    [
      0,
      0,
      2,
      1,
      1
    ],
    [
      0,
      0,
      1,
      7,
      1
    ],
    [
      0,
      0,
      0,
      0,
      5
    ]
  ],
  "loss": 0.3679250822825865
}