{
  "2": {
    "precision": 0.6153846153846154,
    "recall": 1.0,
    "f1": 0.7619047619047619,
    "support": 8
  },
  "3": {
    "precision": 1.0,
    "recall": 0.14285714285714285,
    "f1": 0.25,
    "support": 7
  },
  "4": {
    "precision": 0.6666666666666666,
    "recall": 0.5,
    "f1": 0.5714285714285714,
    "support": 4
  },
  "5": {
    "precision": 0.875,
    "recall": 0.7777777777777778,
    "f1": 0.8235294117647058,
    "support": 9
  },
  "6": {
    "precision": 0.625,
    "recall": 1.0,
    "f1": 0.7692307692307693,
    "support": 5
  }
}