{
  "mae": 7.16958017910228,
  "rmse": 9.369417146053319,
  "r2": -0.9513997033153634,
  "pearson_r": 0.7946921627134025,
  "spearman_r": 0.7558607472126233,
  "nmae": 0.35847900895511403,
  "ba_mean_diff": 6.663282282212201,
  "ba_loa_upper": 19.573516310717807,
  "ba_loa_lower": -6.246951746293403,
  "rounded_acc_1": 0.2647058823529412,
  "tolerance_acc_1p5": 0.2647058823529412,
  "loss": 6.683126550255453
}