{
  "2": {
    "precision": 0.3157894736842105,
    "recall": 0.8571428571428571,
    "f1": 0.46153846153846156,
    "support": 7
  },
  "3": {
    "precision": 0.0,
    "recall": 0.0,
    "f1": 0.0,
    "support": 9
  },
  "4": {
    "precision": 0.0,
    "recall": 0.0,
    "f1": 0.0,
    "support": 5
  },
  "5": {
    "precision": 0.4,
    "recall": 0.6666666666666666,
    "f1": 0.5,
    "support": 6
  },
  "6": {
    "precision": 0.5,
    "recall": 0.3333333333333333,
    "f1": 0.4,
    "support": 6
  }
}