{
  "mae": 7.771916136597142,
  "rmse": 10.737038232899245,
  "r2": 0.8150840222262044,
  "pearson_r": 0.9309151457589461,
  "spearman_r": 0.9336798892547531,
  "nmae": 0.07771916136597141,
  "ba_mean_diff": 1.7718813852830366,
  "ba_loa_upper": 22.52794142440674,
  "ba_loa_lower": -18.984178653840665,
  "rounded_acc_5": 0.5454545454545454,
  "tolerance_acc_10": 0.6666666666666666,
  "loss": 7.5234008825186525
}