{
  "accuracy": 0.7575757575757576,
  "macro_f1": 0.7759750053867701,
  "cohen_kappa": 0.6969001148105625,
  "weighted_kappa": 0.818880351262349,
  "precision_c0": 0.6,
  "recall_c0": 0.8571428571428571,
  "f1_c0": 0.7058823529411765,
  "support_c0": 7,
  "precision_c1": 0.8,
  "recall_c1": 0.4444444444444444,
  "f1_c1": 0.5714285714285714,
  "support_c1": 9,
  "precision_c2": 1.0,
  "recall_c2": 1.0,
  "f1_c2": 1.0,
  "support_c2": 5,
  "precision_c3": 0.8333333333333334,
  "recall_c3": 0.8333333333333334,
  "f1_c3": 0.8333333333333334,
  "support_c3": 6,
  "precision_c4": 0.7142857142857143,
  "recall_c4": 0.8333333333333334,
  "f1_c4": 0.7692307692307693,
  "support_c4": 6,
  "confusion_matrix": [
    [
      6,
      1,
      0,
      0,
      0
    ],
    [
      4,
      4,
      0,
      0,
      1
    ],
    [
      0,
      0,
      5,
      0,
      0
    ],
    [
      0,
      0,
      0,
      5,
      1
    ],
    [
      0,
      0,
      0,
      1,
      5
    ]
  ],
  "loss": 1.8773764532977077
}