{
  "2": {
    "precision": 0.6,
    "recall": 0.8571428571428571,
    "f1": 0.7058823529411765,
    "support": 7
  },
  "3": {
    "precision": 0.8,
    "recall": 0.4444444444444444,
    "f1": 0.5714285714285714,
    "support": 9
  },
  "4": {
    "precision": 1.0,
    "recall": 1.0,
    "f1": 1.0,
    "support": 5
  },
  "5": {
    "precision": 0.8333333333333334,
    "recall": 0.8333333333333334,
    "f1": 0.8333333333333334,
    "support": 6
  },
  "6": {
    "precision": 0.7142857142857143,
    "recall": 0.8333333333333334,
    "f1": 0.7692307692307693,
    "support": 6
  }
}