{
  "accuracy": 0.5151515151515151,
  "macro_f1": 0.48651780967570435,
  "cohen_kappa": 0.38100820633059784,
  "weighted_kappa": 0.675054704595186,
  "precision_c0": 0.5454545454545454,
  "recall_c0": 0.75,
  "f1_c0": 0.631578947368421,
  "support_c0": 8,
  "precision_c1": 0.3333333333333333,
  "recall_c1": 0.14285714285714285,
  "f1_c1": 0.2,
  "support_c1": 7,
  "precision_c2": 0.5,
  "recall_c2": 0.5,
  "f1_c2": 0.5,
  "support_c2": 4,
  "precision_c3": 0.5555555555555556,
  "recall_c3": 0.5555555555555556,
  "f1_c3": 0.5555555555555556,
  "support_c3": 9,
  "precision_c4": 0.5,
  "recall_c4": 0.6,
  "f1_c4": 0.5454545454545454,
  "support_c4": 5,
  "confusion_matrix": [
    [
      6,
      2,
      0,
      0,
      0
    ],
    [
      5,
      1,
      0,
      0,
      1
    ],
    [
      0,
      0,
      2,
      2,
      0
    ],
    [
      0,
      0,
      2,
      5,
      2
    ],
    [
      0,
      0,
      0,
      2,
      3
    ]
  ],
  "loss": 1.0778969462848071
}