{
  "2": {
    "precision": 0.5454545454545454,
    "recall": 0.75,
    "f1": 0.631578947368421,
    "support": 8
  },
  "3": {
    "precision": 0.3333333333333333,
    "recall": 0.14285714285714285,
    "f1": 0.2,
    "support": 7
  },
  "4": {
    "precision": 0.5,
    "recall": 0.5,
    "f1": 0.5,
    "support": 4
  },
  "5": {
    "precision": 0.5555555555555556,
    "recall": 0.5555555555555556,
    "f1": 0.5555555555555556,
    "support": 9
  },
  "6": {
    "precision": 0.5,
    "recall": 0.6,
    "f1": 0.5454545454545454,
    "support": 5
  }
}