{
  "accuracy": 0.24242424242424243,
  "macro_f1": 0.07804878048780488,
  "cohen_kappa": 0.0,
  "weighted_kappa": 0.0,
  "precision_c0": 0.24242424242424243,
  "recall_c0": 1.0,
  "f1_c0": 0.3902439024390244,
  "support_c0": 8,
  "precision_c1": 0.0,
  "recall_c1": 0.0,
  "f1_c1": 0.0,
  "support_c1": 7,
  "precision_c2": 0.0,
  "recall_c2": 0.0,
  "f1_c2": 0.0,
  "support_c2": 4,
  "precision_c3": 0.0,
  "recall_c3": 0.0,
  "f1_c3": 0.0,
  "support_c3": 9,
  "precision_c4": 0.0,
  "recall_c4": 0.0,
  "f1_c4": 0.0,
  "support_c4": 5,
  "confusion_matrix": [
    [
      8,
      0,
      0,
      0,
      0
    ],
    [
      7,
      0,
      0,
      0,
      0
    ],
    [
      4,
      0,
      0,
      0,
      0
    ],
    [
      9,
      0,
      0,
      0,
      0
    ],
    [
      5,
      0,
      0,
      0,
      0
    ]
  ]
}