{
  "mae": 3.272433119310767,
  "rmse": 4.143121948772965,
  "r2": 0.6184279832001508,
  "pearson_r": 0.9076533015381316,
  "spearman_r": 0.8678230990287179,
  "nmae": 0.16362165596553835,
  "ba_mean_diff": 0.7665120912813359,
  "ba_loa_upper": 8.746846198560148,
  "ba_loa_lower": -7.213822015997476,
  "rounded_acc_1": 0.29411764705882354,
  "tolerance_acc_1p5": 0.29411764705882354
}