{
  "mae": 1.971648512464581,
  "rmse": 3.600206499370005,
  "r2": 0.6600091731694415,
  "pearson_r": 0.8163716397640263,
  "spearman_r": 0.7920558927986456,
  "nmae": 0.09858242562322905,
  "ba_mean_diff": 0.4923878944281376,
  "ba_loa_upper": 7.482485740937984,
  "ba_loa_lower": -6.497709952081709,
  "rounded_acc_1": 0.5454545454545454,
  "tolerance_acc_1p5": 0.5454545454545454,
  "loss": 1.6969130279439868
}