{
  "accuracy": 0.3235294117647059,
  "macro_f1": 0.12513842746400886,
  "cohen_kappa": 0.046341463414634076,
  "weighted_kappa": 0.033857315598548876,
  "precision_c0": 1.0,
  "recall_c0": 0.16666666666666666,
  "f1_c0": 0.2857142857142857,
  "support_c0": 6,
  "precision_c1": 0.30303030303030304,
  "recall_c1": 1.0,
  "f1_c1": 0.46511627906976744,
  "support_c1": 10,
  "precision_c2": 0.0,
  "recall_c2": 0.0,
  "f1_c2": 0.0,
  "support_c2": 3,
  "precision_c3": 0.0,
  "recall_c3": 0.0,
  "f1_c3": 0.0,
  "support_c3": 8,
  "precision_c4": 0.0,
  "recall_c4": 0.0,
  "f1_c4": 0.0,
  "support_c4": 5,
  "precision_c5": 0.0,
  "recall_c5": 0.0,
  "f1_c5": 0.0,
  "support_c5": 2,
  "confusion_matrix": [
    [
      1,
      5,
      0,
      0,
      0,
      0
    ],
    [
      0,
      10,
      0,
      0,
      0,
      0
    ],
    [
      0,
      3,
      0,
      0,
      0,
      0
    ],
    [
      0,
      8,
      0,
      0,
      0,
      0
    ],
    [
      0,
      5,
      0,
      0,
      0,
      0
    ],
    [
      0,
      2,
      0,
      0,
      0,
      0
    ]
  ],
  "loss": 0.6706408659617106
}