{
  "0": {
    "precision": 1.0,
    "recall": 0.16666666666666666,
    "f1": 0.2857142857142857,
    "support": 6
  },
  "1": {
    "precision": 0.30303030303030304,
    "recall": 1.0,
    "f1": 0.46511627906976744,
    "support": 10
  },
  "1+": {
    "precision": 0.0,
    "recall": 0.0,
    "f1": 0.0,
    "support": 3
  },
  "2": {
    "precision": 0.0,
    "recall": 0.0,
    "f1": 0.0,
    "support": 8
  },
  "3": {
    "precision": 0.0,
    "recall": 0.0,
    "f1": 0.0,
    "support": 5
  },
  "4": {
    "precision": 0.0,
    "recall": 0.0,
    "f1": 0.0,
    "support": 2
  }
}