{
  "mae": 8.283613125483194,
  "rmse": 16.161804210071086,
  "r2": 0.656228395720102,
  "pearson_r": 0.8361224399182441,
  "spearman_r": 0.8237973665619609,
  "nmae": 0.08283613125483194,
  "ba_mean_diff": -3.0431485681822807,
  "ba_loa_upper": 28.067377810959727,
  "ba_loa_lower": -34.15367494732429,
  "rounded_acc_5": 0.6666666666666666,
  "tolerance_acc_10": 0.7272727272727273,
  "loss": 8.143741295825352
}